	feature	tfidf
0	що	0.11364371405932787
1	з	0.1080030679816753
2	,	0.09552189146430158
3	як	0.07311602707313722
4	який	0.06659412373389538
5	ца	0.057351056829528756
6	буть	0.05082856771655514
7	вд	0.0487081254535515
8	йый	0.045671146077367504
9	of	0.044221043108234354
10	a	0.041030128948885455
11	the	0.03913939510763616
12	and	0.038479798821914706
13	to	0.03590735438615709
14	ще	0.03560558006136072
15	in	0.0355536992658072
16	is	0.03537460600440917
17	й	0.033993960355191206
18	вн	0.032844174674317876
19	ть	0.03222403388492272
20	коли	0.030063891873245065
21	ал	0.02990911003937428
22	х	0.028770267991278416
23	i	0.026331760635302646
24	бо	0.02553032847961086
25	you	0.024167658267377594
26	for	0.02382483155876492
27	it	0.023627706642888567
28	on	0.02305737699253574
29	де	0.022466995317554476
30	t	0.022258953169280872
31	мена	0.02220333768225615
32	у	0.021677113356555366
33	мен	0.021228188556773248
34	was	0.020771287705222935
35	п	0.020480209499620518
36	that	0.020442563380426684
37	на	0.02035796107384789
38	as	0.020340275603845357
39	не	0.02019084567831593
40	not	0.020065444842443977
41	тот	0.01976029079873477
42	me	0.019570791940280035
43	s	0.018891316003023143
44	this	0.018660284886301438
45	with	0.017876958786393903
46	в	0.017747380352684018
47	be	0.017515107629245283
48	я	0.017086860007935717
49	have	0.01651842919760737
50	from	0.016172483339808568
51	he	0.015122554378259606
52	*	0.014996749428180184
53	are	0.014782444726771203
54	ч	0.014505749177769511
55	!	0.01412750358449248
56	all	0.014023976021629424
57	што	0.013967705492025136
58	м	0.013934947655136394
59	my	0.013912855333006489
60	m	0.013495896230064778
61	n	0.01315351971177871
62	про	0.012963255229987843
63	his	0.01263463668656396
64	at	0.011790991853975497
65	by	0.011641984851932905
66	ось	0.011621543938969145
67	село	0.011115522339421074
68	бир	0.011023757061565564
69	н	0.00987287953825286
70	l	0.009812473678760047
71	бль	0.009608890019600875
72	лихо	0.009462443483672032
73	до	0.008879283615664217
74	ять	0.008852282201792126
75	de	0.008754538109778243
76	v	0.008698348644027331
77	час	0.008673626421026768
78	а	0.008573840848580323
79	св	0.008569491498433873
80	рок	0.008303709598408529
81	la	0.00801361764780677
82	o	0.007791600820810514
83	ты	0.007648305437262001
84	д	0.007514779631298902
85	вон	0.0073595804451779484
86	ус	0.007102611481395301
87	has	0.00685988096016874
88	и	0.006741571053494708
89	небо	0.006503192959483902
90	мя	0.0064693447806301084
91	мы	0.0060300137452547215
92	за	0.005937713070684524
93	ш	0.005845449340128172
94	e	0.005780967641288628
95	над	0.005731339005718059
96	b	0.005709979042917595
97	12	0.005650107037394168
98	се	0.005380751705900355
99	душ	0.005263493490704508
100	то	0.0051064395252267
101	Б	0.004989808100442882
102	пр	0.0049668368965788525
103	M	0.00492977877430547
104	б	0.004642426614612409
105	добра	0.004626480260179443
106	в1	0.004599147242036259
107	немый	0.004570878886732038
108	да	0.00452696352110662
109	зима	0.00446848352146775
110	так	0.004425474654206573
111	наш	0.004421011744341789
112	аж	0.004413999329853756
113	море	0.004354181583023246
114	без	0.004193963140247647
115	2012	0.004173441286408217
116	для	0.00411078863458689
117	world	0.0041051424776369135
118	ба	0.004102660531740077
119	твой	0.004082455003268922
120	ад	0.004009296193466324
121	там	0.00394957181749089
122	буда	0.00394606780840394
123	быть	0.0037221850048475176
124	14	0.0037060992328530056
125	ж	0.003699770192873433
126	бы	0.0036886803135583552
127	http	0.0036253184126091567
128	метр	0.0036215725713069752
129	00	0.003596491693907452
130	душа	0.003577221361196182
131	мой	0.003511764845058958
132	3	0.0034863056211090074
133	водить	0.003440502053195816
134	2	0.003425814549299558
135	человек	0.0034034114316815333
136	бог	0.0033654611872486894
137	тут	0.0033637104222323634
138	дерев	0.0033487627244512762
139	ма	0.0032672666015514376
140	все	0.0032514597433387395
141	е	0.0032502191092793117
142	com	0.0032438098576336337
143	вода	0.003230385668612164
144	озеро	0.0032174442694578565
145	сн	0.0032153572215749987
146	просто	0.0029578305689053346
147	туман	0.002913342696956071
148	весь	0.002881098099912758
149	вино	0.002866588772088093
150	слово	0.0028568956858268796
151	1	0.0028503018506297394
152	г	0.0028401071131932457
153	по	0.0028304809389078692
154	Яна	0.002823024137556016
155	т	0.0027972455068561272
156	au	0.002784586867403073
157	мать	0.0027791923437230194
158	11	0.002674524765672883
159	трава	0.0026657489793581396
160	2017	0.0026651529489777875
161	разом	0.002660016660547583
162	неб	0.0026562764534533235
163	вы	0.0026288482675621916
164	же	0.0025698436466323124
165	земля	0.0025429075698519023
166	www	0.0025395787280873207
167	книга	0.002534291389587354
168	такий	0.0025317836328324515
169	давать	0.0025226246810069824
170	теплый	0.002500590547308714
171	что	0.002491421526981633
172	05	0.0024624091089470224
173	ru	0.0024345860177552143
174	нитка	0.0024203342714592853
175	добр	0.0023954518464683722
176	любить	0.0023483745875602594
177	2015	0.0023461797130209182
178	В	0.0023358132648045415
179	сад	0.002321471791648727
180	мед	0.0023086103363143783
181	Кать	0.0022895380833712745
182	робот	0.0022749053839768497
183	через	0.0022545960059093357
184	&	0.002248808689905738
185	свобода	0.0022346343975760212
186	автор	0.002225980437585002
187	текст	0.0022214809638595183
188	спать	0.002217677360599892
189	день	0.0022098485732542027
190	мила	0.0022001756041653514
191	2016	0.002198805815067324
192	канал	0.0021857325830724034
193	доля	0.002159406990212408
194	золото	0.0021330210132345035
195	с	0.002129055941919201
196	холод	0.002113660852838412
197	кто	0.0021005479446594656
198	бывать	0.0020664467300006316
199	поле	0.002048037231909617
200	сон	0.00203675577634784
201	знать	0.0020288920229353125
202	зный	0.002018597296798391
203	07	0.002004023885418872
204	мост	0.001981236059197435
205	президент	0.0019774681179475706
206	со	0.0019735424261989047
207	сказать	0.001972564010554334
208	ан	0.0019647322968206517
209	край	0.001960722520426563
210	директор	0.0019530067814055967
211	держава	0.0019464609867204444
212	ха	0.0019363570890165449
213	ради	0.001909645857153827
214	дерево	0.0019046603363804765
215	лука	0.001893336232467609
216	один	0.0018893514723319223
217	2010	0.0018841222121252714
218	рука	0.001872006659103125
219	храм	0.001866045538317868
220	луна	0.0018513922782218333
221	10	0.001850397087068742
222	Библия	0.0018500269459539782
223	сила	0.0018335953290981135
224	народ	0.001825044753266326
225	перевод	0.0018129249020048153
226	великий	0.001810651348268802
227	таки	0.0018007888286755824
228	маг	0.0017967515787389618
229	от	0.0017936155534232154
230	29	0.0017927314546621021
231	меж	0.0017795385349275437
232	2008	0.0017710649881439444
233	5	0.0017621703906410724
234	work	0.0017551562330309126
235	запах	0.0017095274577987902
236	proza	0.0017015274030939657
237	жить	0.0017009818991529627
238	ать	0.0016979025740874421
239	комплекс	0.0016969546679484416
240	дуб	0.001685575201309463
241	при	0.0016720865494896347
242	три	0.0016678569387379772
243	сам	0.0016620705198947745
244	метро	0.0016576540952057265
245	звук	0.0016514035093508138
246	тема	0.0016452240104194392
247	|	0.0016429493661529544
248	знак	0.0016425516963345344
249	мама	0.0016406816864516919
250	гора	0.0016354038225178272
251	М	0.0016309269795759286
252	сантиметр	0.0016264179416214822
253	9	0.0016250240934337415
254	30	0.0016226723083019423
255	они	0.001620741935770764
256	нет	0.0016202637904179165
257	это	0.001617892359132405
258	23	0.001612075986328193
259	6	0.0016113725195018068
260	свой	0.0016032541508904047
261	дорога	0.0016010604780248338
262	бар	0.0015908051948355483
263	завтра	0.001585239009925744
264	тихо	0.0015805471417981015
265	пан	0.0015795644891834608
266	грудь	0.0015786035990376093
267	о	0.001577988730363559
268	давно	0.0015729419816849547
269	суд	0.001571084188645203
270	рождение	0.0015635714213416032
271	смерть	0.0015590433273282387
272	Russian	0.001558889997207929
273	тепло	0.0015057904763644049
274	голова	0.0015007025721678268
275	как	0.0014915216094789764
276	x	0.0014793147574079372
277	во	0.001458347127803667
278	тобой	0.001455093690758687
279	писать	0.0014527750221087505
280	господь	0.0014466201334913682
281	russia	0.0014448016491971538
282	яма	0.0014446739398908072
283	конь	0.0014445812480682783
284	чем	0.0014428984117468787
285	закон	0.0014424521862111356
286	гор	0.001441633139817374
287	добро	0.00144100294767935
288	природа	0.0014342198660009364
289	4	0.0014278999193831625
290	Л	0.0014212493449744887
291	7	0.0014171964466746921
292	он	0.0014033832082612511
293	чай	0.0014002325206993712
294	2014	0.0013999455427948894
295	рад	0.0013987012774106307
296	зеленый	0.0013948530928451892
297	мир	0.0013910891542221685
298	князь	0.0013873886471672163
299	П	0.0013771642222539522
300	долина	0.0013755098798335277
301	40	0.00137493243703505
302	весна	0.0013745354242008648
303	депутат	0.001368168739099857
304	рота	0.001366269736828053
305	район	0.0013627114563019701
306	танк	0.0013614023513671108
307	март	0.0013607487959812197
308	кругом	0.0013567989669554005
309	основа	0.0013464050670068321
310	шум	0.001343281864851872
311	тчк	0.0013430336087000513
312	09	0.001342130173875707
313	кран	0.0013397794346951578
314	лист	0.0013314794136342833
315	такой	0.0013266933064370145
316	статья	0.001321535415529027
317	старый	0.0013115028434160765
318	жизнь	0.0013090658774209173
319	пункт	0.0013080479677583213
320	живой	0.0013046846155766625
321	дух	0.001303329611430322
322	голос	0.001286625095704216
323	думать	0.0012808372625736776
324	замок	0.0012616383535815948
325	сок	0.0012525201442598556
326	понимание	0.001248427910207247
327	бок	0.0012432517699085854
328	россия	0.0012398811857018974
329	тест	0.0012387590798805172
330	28	0.0012319666101622989
331	нить	0.0012306968071001303
332	берег	0.0012231011669258302
333	мечание	0.0012156380007800531
334	А	0.0012131240318829126
335	меч	0.0012131175284744377
336	ой	0.0012130640766163014
337	русски	0.001212770165447962
338	король	0.001211191886948353
339	ангел	0.0012090259931425132
340	школа	0.0012082748748101406
341	ль	0.0012022371345133973
342	стих	0.0012015722920448975
343	умирать	0.0011940829104291006
344	сто	0.0011940482235009006
345	христос	0.001182178008615163
346	Ян	0.0011797179997209903
347	**	0.0011787268267636466
348	участь	0.001177076578995442
349	стиль	0.0011692863873767863
350	ка	0.0011681244608945879
351	говорить	0.001165507859181968
352	легко	0.0011635581234732354
353	2006	0.0011631333088383679
354	хотеть	0.0011624201075415392
355	даже	0.001149893780655345
356	гад	0.0011440245757546777
357	кот	0.0011393090020620856
358	клан	0.0011384804939523604
359	2007	0.0011351129801371132
360	поток	0.001133551166550464
361	перо	0.0011305781342507398
362	грань	0.0011243994739797616
363	13	0.0011221495298725558
364	история	0.0011169877394847213
365	далекий	0.0011159971093183405
366	20	0.001112518675384975
367	страх	0.0011118990239737479
368	справа	0.0011099309699519086
369	хороший	0.0011077586015662316
370	рай	0.0011063442609123915
371	стоять	0.0011029008855174118
372	03	0.0011023435582435022
373	чужий	0.0011001896121639293
374	доводить	0.001095921738455271
375	плакать	0.001093047377282695
376	себя	0.0010850215208870811
377	парк	0.0010829360121137979
378	вать	0.0010812653980299067
379	2011	0.0010803453295140813
380	святой	0.0010790933077250234
381	лес	0.0010761646151968023
382	=	0.0010742957973826019
383	молоко	0.0010741850857603104
384	царство	0.0010720293489748722
385	читать	0.0010714522739844444
386	ходить	0.0010714012072274152
387	произведение	0.0010668176033235088
388	замка	0.0010638892929009768
389	океан	0.0010622953700167603
390	кий	0.0010599326316149888
391	холодный	0.001059142946203412
392	где	0.0010453496525277706
393	пиво	0.0010446360131454167
394	система	0.001044527006753838
395	2005	0.0010434331488794653
396	внизу	0.0010428552500252835
397	ласка	0.0010405057430478593
398	дно	0.0010372661648045153
399	молок	0.0010350227479305391
400	назад	0.0010319726013523658
401	вокзал	0.001026813274343727
402	снег	0.0010264347104499982
403	просить	0.0010246407451714747
404	планета	0.0010241322191890901
405	17	0.001023839809416973
406	род	0.0010165280141230862
407	сущность	0.001016446431335173
408	только	0.0010163816166892604
409	century	0.0010161649003369803
410	15	0.0010159865984920163
411	White	0.001013817836883879
412	висок	0.0010084348487915966
413	капля	0.001005448152864198
414	нога	0.001005049317379881
415	***	0.0010041107752111437
416	26	0.0010027148156625469
417	наука	0.0009994992125995832
418	дом	0.0009970469090324564
419	слишком	0.0009934875936387533
420	настоящий	0.000989752812074038
421	скоро	0.0009880019203919418
422	прозрачный	0.0009875360054891389
423	замерзать	0.000986172085774252
424	становиться	0.0009855631879190604
425	пот	0.0009842432284429218
426	печаль	0.0009801351080153881
427	гонять	0.0009739597520966786
428	неверный	0.0009716535750647594
429	молитва	0.0009677859340505195
430	27	0.0009659499462025532
431	роль	0.0009655970856079424
432	19	0.0009650400443852474
433	сезон	0.0009581365245782082
434	ый	0.0009536513311431074
435	художник	0.0009526414102407771
436	конкурс	0.0009524906615635753
437	колючий	0.000950315617960547
438	мысль	0.0009460527853610742
439	простор	0.000945612902572695
440	поп	0.0009447625173831789
441	ной	0.0009425375767480555
442	много	0.0009415335095544137
443	палец	0.000940252593245623
444	значить	0.0009394051860675025
445	зачастую	0.0009393549701722189
446	завод	0.0009391072938639639
447	мина	0.0009382317254972504
448	ветеран	0.0009369827328570942
449	1941	0.0009345906834470612
450	болот	0.0009330470932125814
451	пророк	0.0009319097521513821
452	кидать	0.0009305440496225453
453	картинка	0.0009273000287860994
454	право	0.00092373503364571
455	склад	0.0009230161195332663
456	ясно	0.0009225496600651997
457	любовь	0.0009224738849754067
458	тать	0.0009200151991814093
459	зерно	0.0009198987356440257
460	любой	0.0009177756014623207
461	здоровый	0.0009153940753718827
462	кой	0.000913111948785807
463	ссср	0.0009130959284505769
464	злой	0.0009098433948599764
465	дикий	0.0009093523579379445
466	к	0.0009088589132591823
467	книжка	0.0009071672412432904
468	луг	0.0009048141631113088
469	Бог	0.0009030826351773079
470	союз	0.0009030214952072316
471	или	0.0009026118680545258
472	раб	0.0008986134194596809
473	живо	0.0008985598553010764
474	забывать	0.0008956376764759516
475	небесный	0.0008947515823628354
476	курс	0.0008887153545137857
477	ритм	0.000887850137463239
478	нести	0.0008780726960619056
479	ум	0.000876791219604221
480	кричать	0.0008735273323685326
481	уже	0.0008715395565879948
482	пить	0.0008674171057116092
483	ну	0.0008672753866654126
484	раз	0.0008670780351116402
485	внутри	0.0008667050313242988
486	рот	0.0008657475658610632
487	лежать	0.0008641166115844604
488	правило	0.0008640748051075752
489	пать	0.0008633684813120161
490	орден	0.0008632273009150598
491	плащ	0.0008610094825668626
492	глаз	0.0008547265428724979
493	сей	0.0008531795838738453
494	ваш	0.0008511242634338688
495	16	0.0008507087474459529
496	дывать	0.0008491761200261598
497	дон	0.0008478373536921293
498	50	0.0008433667248718119
499	шар	0.0008421890049473458
500	баба	0.0008420367061624495
501	свет	0.0008419530530820958
502	2004	0.0008379488422218938
503	дар	0.0008359841169425968
504	80	0.0008351906229063695
505	футбол	0.0008341132033373319
506	Culture	0.0008331439467136686
507	22	0.0008327958615342746
508	0	0.0008312527574430462
509	8	0.0008293502194148439
510	музыка	0.0008276102444716471
511	реально	0.0008275872814494161
512	этот	0.0008258333339530059
513	24	0.0008222823517723644
514	дождь	0.0008189621075886896
515	лишь	0.0008183649279032193
516	стоить	0.0008159597070852054
517	концерт	0.00081032983606969
518	ген	0.0008081241090412546
519	центр	0.0008037519560453324
520	речь	0.0008026649112911651
521	честь	0.000802255030931806
522	друг	0.0007991248837586958
523	прекрасный	0.0007980342420660521
524	труп	0.0007969689038469786
525	фронт	0.0007955615971138923
526	прямо	0.000792799997118119
527	мечт	0.0007914540886526805
528	дить	0.0007899520677765451
529	музей	0.0007877838042384618
530	О	0.0007874701634585947
531	пс	0.0007853159517298154
532	сложный	0.0007840519708178292
533	мороз	0.000778917545368055
534	л	0.0007779182367577038
535	2013	0.000776754585615444
536	радовать	0.0007764275796760092
537	лишаться	0.0007756720471301375
538	радость	0.0007753552080690451
539	пол	0.000774079745078499
540	дума	0.0007726160334076114
541	солнце	0.0007654824749647126
542	май	0.0007636576581579541
543	гадать	0.0007593480316824491
544	олигарх	0.0007586677825344951
545	золотой	0.0007530097354583291
546	нынче	0.0007529833060435693
547	знакомый	0.0007510598860670044
548	танец	0.0007505296305526018
549	символ	0.0007454932709927958
550	Н	0.0007443237849293293
551	нуль	0.000743858549286475
552	российский	0.0007414417330432508
553	галактика	0.000740759943043272
554	реклама	0.0007407292574661697
555	слава	0.000739033194366326
556	горизонт	0.0007383249135397862
557	рис	0.000736969985207542
558	Art	0.0007363112730550177
559	06	0.0007323028470976318
560	птица	0.0007321316034714682
561	собор	0.0007316661526771797
562	мужской	0.0007310025766637379
563	наверное	0.0007287326397818513
564	районный	0.0007281003346234784
565	колесо	0.0007280662929173071
566	коло	0.0007267038737394379
567	питать	0.0007263994851481571
568	02	0.0007263113643717411
569	александр	0.0007256449603670278
570	добавлять	0.0007253695647343509
571	контроль	0.0007250299977409754
572	ф	0.0007246627273094305
573	понести	0.0007227339399921077
574	01	0.000722445906694636
575	обряд	0.0007218856487287635
576	зло	0.0007213761013250267
577	жать	0.0007165308958760206
578	300	0.0007159130514466248
579	р	0.0007140559160349115
580	дуть	0.0007126430479393279
581	горе	0.0007116106680577534
582	уста	0.0007112767243934288
583	мочь	0.0007096207438687115
584	камень	0.0007068197148750653
585	автобус	0.0007067342654812753
586	Part	0.0007065430389899156
587	тонна	0.0007060164772884607
588	воля	0.0007029445063726929
589	разрушать	0.0007023432593305452
590	рим	0.0006999502049312735
591	язык	0.0006986691055064073
592	ветер	0.0006985790384953899
593	ухо	0.000697634968363863
594	москва	0.0006965426790400569
595	мол	0.0006945843632767149
596	000	0.0006914999239342998
597	ставить	0.0006902058648490648
598	сниться	0.0006901400563403778
599	Ваш	0.000687363952099855
600	способный	0.0006868596687582994
601	справедливость	0.00068346106233934
602	60	0.0006827196993989218
603	зал	0.0006825122462473778
604	зависть	0.0006825066376582982
605	указ	0.0006787129128135017
606	страшный	0.0006765627521397922
607	банк	0.0006752474883764305
608	04	0.00067185565528852
609	легкий	0.0006713109694305264
610	видно	0.0006708426047111234
611	1961	0.0006699015868734697
612	вулкан	0.0006688957359577697
613	даровать	0.0006686773275490261
614	мое	0.0006668057804546763
615	гаснуть	0.0006659278850688502
616	процент	0.000665453329958554
617	папка	0.0006640214468592634
618	подвиг	0.0006634138190471383
619	веселый	0.0006628323398193725
620	литературный	0.0006623028563422178
621	21	0.0006618300826585408
622	1990	0.0006610697915283667
623	темный	0.0006584495638791225
624	гул	0.000656313433345559
625	творить	0.0006551179230947156
626	садиться	0.0006548215948899527
627	правда	0.0006539840389844254
628	барабан	0.0006535017825705068
629	копия	0.0006519916153513747
630	ни	0.0006505062420716934
631	корона	0.0006504566395738414
632	складываться	0.0006504402174264777
633	больше	0.0006494644419089619
634	сердце	0.0006479504627628787
635	жаркий	0.0006471426476781211
636	медаль	0.0006425991506786011
637	2000	0.0006421225368804215
638	думавать	0.0006409434813118248
639	совсем	0.0006396947425778571
640	подобный	0.0006389426273533219
641	тихий	0.0006377435419353125
642	ресурс	0.0006370879495956029
643	спорт	0.0006361263885507936
644	почему	0.0006354840186778702
645	злиться	0.0006352972073059707
646	звонок	0.0006349340427013469
647	секс	0.000634330010191058
648	беда	0.0006341036892727583
649	плеч	0.0006295875577996989
650	равный	0.0006280657611170851
651	дочь	0.000623308231211865
652	счастье	0.0006210513460844198
653	наставать	0.0006210032726365316
654	куда	0.0006204632622185253
655	она	0.0006195098930372288
656	олег	0.0006183145069074304
657	чаша	0.0006174729144910122
658	печать	0.0006154838666333299
659	простой	0.000614241211113949
660	код	0.0006142004704019612
661	служба	0.0006134601053212465
662	судьба	0.0006117886603675408
663	герой	0.0006113398071510202
664	сорок	0.0006100245880701681
665	рог	0.0006086029759175945
666	ждать	0.0006072491411828362
667	желать	0.0006067334653196771
668	08	0.0006057183828110846
669	окно	0.0006054497196196837
670	вагон	0.000603621620540353
671	пес	0.0006031451190389104
672	комната	0.0005990237919017001
673	перед	0.0005986008801082847
674	опираться	0.0005980985539850794
675	Господ	0.0005968421665987124
676	врать	0.0005964354559066838
677	ловить	0.0005963829634250596
678	конечно	0.0005958264702244168
679	река	0.0005948502969878978
680	глина	0.0005905497829046708
681	мечта	0.0005896798539956814
682	майор	0.0005896369369762887
683	каждый	0.0005892489023086018
684	вносить	0.0005885942712120208
685	падать	0.0005884856342574887
686	спина	0.0005883835546384503
687	племя	0.0005883299421510889
688	даль	0.0005873140937900646
689	ведь	0.0005866168865805272
690	заметный	0.0005865097211075621
691	дата	0.0005861965165347539
692	окн	0.0005858922182774797
693	время	0.0005854176047688365
694	кофе	0.0005851325595674782
695	проявление	0.0005848060723902662
696	вера	0.0005826131879608171
697	прятаться	0.0005822679097015759
698	уровень	0.0005819035280603734
699	коль	0.0005814364463128512
700	вообще	0.0005806890648803116
701	муха	0.0005806044392763205
702	слов	0.0005805185097882285
703	ставка	0.0005802067723738522
704	степь	0.0005798921362981207
705	торт	0.0005796704121462543
706	поэтому	0.000575386835126408
707	электронный	0.0005748114599348434
708	повисать	0.0005744020293775015
709	плач	0.0005736647754093384
710	павлович	0.0005734447198706753
711	нос	0.0005722553002095474
712	но	0.0005721339854551108
713	25	0.0005717772049475574
714	родной	0.0005716742931887283
715	японский	0.0005709186350159838
716	бой	0.0005706977163377326
717	густой	0.000568159395343447
718	масло	0.0005670567132138941
719	командир	0.0005669573553381751
720	карта	0.0005640031735323322
721	1986	0.0005638339747636796
722	вниз	0.0005620772147211432
723	сходить	0.0005609486534074572
724	короткий	0.0005604960406677061
725	космос	0.0005601887750270455
726	двор	0.0005600689979352825
727	караван	0.0005591457126358579
728	стол	0.0005588194444421588
729	украина	0.0005587964629080576
730	баб	0.0005567483499630822
731	более	0.0005563458506406958
732	зарплата	0.0005550178797115283
733	1997	0.0005525494320618255
734	снять	0.0005524989963479495
735	э	0.0005507179506593845
736	сухой	0.0005501144095872772
737	свинья	0.000549877785088151
738	пахнуть	0.000549237925438814
739	Europe	0.0005490321315192753
740	разумный	0.0005484234959465417
741	ключ	0.0005473453122477901
742	сознание	0.0005472126026983835
743	Т	0.0005470077895568926
744	головной	0.0005439086150774312
745	далее	0.0005436193013400086
746	ясный	0.000543121881645437
747	чужой	0.0005424504634504425
748	носить	0.0005411696929480559
749	звучать	0.000540354777139415
750	чин	0.0005402584010837376
751	устройство	0.0005399203266203721
752	трамвай	0.0005385559176413749
753	магазин	0.0005383840734905765
754	еще	0.0005372679920654086
755	аромат	0.0005366035027441453
756	ный	0.0005364199712051825
757	тонкий	0.0005355872329131911
758	роз	0.000534158661944406
759	рак	0.0005336387874265172
760	электрический	0.0005333583339164621
761	истина	0.0005324321650117402
762	ночь	0.000532332008930738
763	вариант	0.0005323070729038003
764	нужный	0.0005320257425372729
765	прошлое	0.000529602538058668
766	лед	0.0005295685595407477
767	страница	0.0005283238480317542
768	статус	0.000527402248992213
769	Ты	0.0005265920359283471
770	желанный	0.0005257312421312304
771	дисциплина	0.0005253367845903542
772	заново	0.0005250128014010905
773	платформа	0.0005246102362108827
774	заглядывать	0.0005244884459744688
775	контакт	0.000522973667548853
776	мало	0.000522516656015033
777	скучать	0.0005223453248053285
778	живот	0.0005222973493169864
779	граф	0.0005216149111801376
780	повесть	0.0005215614258003339
781	либо	0.0005213217589152988
782	жаль	0.0005202276823468958
783	кивать	0.0005200469245183762
784	уводить	0.0005186553043877868
785	ай	0.0005179556081987137
786	понимать	0.0005165775959234005
787	темной	0.0005158414620077318
788	чтобы	0.000515216395157466
789	надо	0.000515167388351209
790	атмосфера	0.0005146863949527581
791	брать	0.0005143879171290332
792	потому	0.0005127960714845043
793	18	0.0005127820877635611
794	машинка	0.0005125456095589456
795	училище	0.0005121551509446458
796	факт	0.000512119395720076
797	сестра	0.0005116004669707934
798	немец	0.000511167685187095
799	Моисей	0.0005110944622628849
800	легенда	0.00050689847939248
801	учение	0.0005068614229599306
802	Господь	0.0005065704982780983
803	1917	0.0005060106377266722
804	монета	0.0005059888370835169
805	щедро	0.0005058906762894085
806	песенка	0.0005057454688905345
807	стывать	0.000503014681820027
808	сказка	0.0005025678979586132
809	проводить	0.000501947561609763
810	поздравлять	0.0005013288008997287
811	снежный	0.000499776781645875
812	засыпать	0.0004975484052568217
813	платье	0.0004975035637239994
814	То	0.0004973591445549093
815	век	0.0004971956322625898
816	который	0.0004968798241740944
817	стадо	0.0004964608375649021
818	номер	0.0004952862205428768
819	дать	0.0004948763352209797
820	2001	0.0004947135847909373
821	авторитет	0.0004945294972872172
822	юный	0.0004943415693579601
823	течь	0.0004933614639549752
824	читатель	0.0004933532525521873
825	плохой	0.0004922947122987256
826	мирно	0.0004919901616665487
827	1945	0.0004903631123832202
828	клуб	0.0004901510845686467
829	принцип	0.0004882109462050461
830	сайт	0.0004875087843135282
831	разный	0.0004874708316554381
832	костюм	0.00048736051565791166
833	значение	0.00048725758008910446
834	царь	0.00048724952750050577
835	губа	0.0004867109108227885
836	два	0.0004866831940326598
837	приносить	0.0004862880435198833
838	шагать	0.0004862508156791546
839	асфальт	0.00048537209953999883
840	избавляться	0.0004850520099902814
841	плавать	0.000484543996807329
842	пропускать	0.00048358148800941095
843	принцесса	0.00048329240480781934
844	стать	0.0004831150700458597
845	земной	0.0004828897813746243
846	спасать	0.0004826383290850084
847	начало	0.0004817435111068558
848	родный	0.00048133672888267656
849	суша	0.0004803457864484402
850	риск	0.00047958291679639855
851	культ	0.0004789738173077989
852	вин	0.0004788042866165948
853	мимо	0.0004786726182826791
854	праздник	0.0004779947141807279
855	Ю	0.00047568479324357964
856	девочка	0.0004755299391533534
857	кухня	0.0004754154154286097
858	36	0.0004747813484439608
859	фото	0.0004746216639765263
860	мечтать	0.0004741209322739846
861	чудо	0.00047390638453549623
862	вина	0.0004738891716134337
863	знание	0.0004735465105056897
864	совет	0.00047326551502544027
865	доллар	0.00047309391742739247
866	мокрый	0.00047299826910150266
867	Великий	0.00047278520544009656
868	уж	0.0004727199565491229
869	начальник	0.00047268871259764146
870	сие	0.00047195650669860575
871	едва	0.00047153201684591327
872	трактор	0.0004715149496449413
873	проблема	0.0004710665829595565
874	литр	0.0004703823352830504
875	100	0.0004702634835765209
876	большой	0.0004697342451828651
877	сша	0.00046961664861012417
878	притягивать	0.00046536284807137553
879	рукопись	0.00046420676908058014
880	километр	0.0004639002471611321
881	молодой	0.0004632142380462419
882	погибать	0.00046253325329512603
883	чиновник	0.0004623828110947714
884	хаос	0.00046225615668471135
885	духовно	0.0004620552460624067
886	пока	0.00046138874740160596
887	пятнадцать	0.0004613380006381471
888	жар	0.0004609736264974108
889	твердо	0.0004607872244839393
890	везде	0.00046066978954991707
891	житель	0.0004598902075353231
892	сюжет	0.000459409770168382
893	пояс	0.0004593246358737816
894	маска	0.00045880818698325684
895	умерший	0.00045850248520435197
896	оболочка	0.0004579424364763896
897	монстр	0.00045767248114993256
898	генерал	0.0004569946476823058
899	секунда	0.0004569744751741772
900	петр	0.0004562756995592458
901	поселяться	0.0004561241013558897
902	лень	0.0004554336853986452
903	тарелка	0.0004552675939191331
904	оправдание	0.0004548605116447628
905	ток	0.0004543287345544145
906	убивать	0.0004529642904225067
907	людмила	0.0004528508562884961
908	блок	0.0004524979657973231
909	невероятный	0.0004521549583275516
910	петрович	0.0004517138726647584
911	2009	0.0004514401300707213
912	пляж	0.00045049121389516945
913	пять	0.0004495736797418737
914	яйцо	0.00044911793170109157
915	молчать	0.0004490788448937946
916	зуб	0.00044882986628557467
917	дача	0.000448564674656075
918	радио	0.00044847504524599233
919	экран	0.00044800520104407496
920	+	0.0004479684871948034
921	член	0.00044746549321249675
922	канада	0.0004462517417919394
923	слуг	0.00044602713448064905
924	завершать	0.00044574479691237445
925	одиночество	0.00044527084065977817
926	мастер	0.0004451503901817451
927	урок	0.00044297955577491364
928	улыбка	0.00044205927221913977
929	волна	0.00044147730156613525
930	находиться	0.000440410871308529
931	русский	0.0004399383245594393
932	смысл	0.00043951983487497257
933	вечно	0.0004394459960733366
934	К	0.00043862294477851123
935	название	0.00043818692498823924
936	пожалуй	0.00043791675682208574
937	свойство	0.00043791337189169973
938	зать	0.0004377623203004026
939	пар	0.0004376403168184627
940	прохаживаться	0.0004371692072651356
941	Какой	0.0004371517064291844
942	поверх	0.00043682460441036013
943	доказательство	0.00043656729191767553
944	белый	0.0004362057054315534
945	карандаш	0.000436134701402435
946	повелитель	0.00043553427568801415
947	31	0.0004350256058785532
948	песня	0.0004347470612656281
949	переходить	0.0004345865487139105
950	закрывать	0.0004344901302788062
951	спокойствие	0.00043380635812068985
952	Слава	0.0004337439222846253
953	переставать	0.0004336106985928925
954	всякий	0.0004333994254041236
955	грусть	0.00043324699407878964
956	лампочка	0.00043296594811605626
957	звон	0.0004321671537030845
958	случайный	0.00043161667762269717
959	мука	0.0004310352530254825
960	эпоха	0.0004293684697344854
961	Д	0.0004289807168902431
962	вена	0.0004286975703343712
963	колонна	0.00042809880150314973
964	взлетать	0.00042785793751485077
965	бояться	0.0004273697979365828
966	разрешать	0.0004272170733816395
967	смотреть	0.0004270696013036651
968	1991	0.00042696985880428737
969	порой	0.0004268797784327051
970	газ	0.00042651358719885427
971	первый	0.00042571055994027534
972	мелодия	0.0004250884381974604
973	золотый	0.0004245833126136206
974	ворот	0.00042427964480632076
975	чисто	0.00042336310444699105
976	днь	0.0004222825973411737
977	артист	0.0004221509787507771
978	Book	0.0004220785461725074
979	одинокий	0.00042181075181741204
980	nla	0.00042025255554633314
981	темно	0.0004202310151744147
982	церковь	0.00041975094011036
983	длинный	0.0004197505166857357
984	мораль	0.00041759327210348277
985	чувство	0.0004171469766772199
986	жанр	0.0004166182464004228
987	север	0.00041632210408975765
988	литься	0.0004161002536202955
989	наверняка	0.00041476917934529496
990	Вовка	0.00041466281362603096
991	дима	0.00041461608197892536
992	солдат	0.00041449936483057876
993	словарь	0.00041449145983417926
994	портрет	0.00041414696799776826
995	могила	0.00041361137829855305
996	столица	0.00041339245318535193
997	бочка	0.00041255773058429274
998	закончивать	0.00041240471855593026
999	эх	0.0004123639841107511
1000	чемя	0.00041198296320361585
1001	если	0.00041174040537328454
1002	отражать	0.0004116796490031435
1003	вибрация	0.000411627542195302
1004	купаться	0.0004114017585446683
1005	количество	0.0004112351906273186
1006	заниматься	0.0004109830925444213
1007	когда	0.0004099153391263063
1008	небес	0.00040933840782096133
1009	погода	0.00040861430076054604
1010	кандидат	0.00040855489187216644
1011	рана	0.0004083120300695513
1012	синий	0.0004079848747789361
1013	атака	0.0004076474519261536
1014	люблять	0.00040634865357926477
1015	схема	0.0004061456215357043
1016	год	0.0004058861956155037
1017	1000	0.000404672916817857
1018	знаю	0.0004045463923776732
1019	пускай	0.0004031808991025124
1020	честно	0.0004030788095964318
1021	рецепт	0.0004025269306802322
1022	полка	0.0004024377007200166
1023	верить	0.0004019549125480129
1024	звать	0.0004013766009373515
1025	рабство	0.000400764431555438
1026	корень	0.0004006515089985237
1027	череп	0.000399734686055804
1028	миновать	0.0003990450928370414
1029	дракон	0.00039899110760761695
1030	мерцать	0.0003989467814423889
1031	буря	0.00039721161681795995
1032	круг	0.0003969246500984299
1033	уважение	0.0003967919614298362
1034	слуга	0.0003960288424974422
1035	нето	0.0003951052060352002
1036	1996	0.0003942196068226613
1037	учить	0.0003938151635802778
1038	злость	0.0003934228217011052
1039	секретарь	0.00039337460768589
1040	задача	0.0003931011371602602
1041	200	0.0003928786590558452
1042	особенно	0.00039217866970179535
1043	норма	0.0003919257585314586
1044	крик	0.0003917587225146364
1045	маленькой	0.0003912268286657427
1046	боль	0.0003906936155552004
1047	узнавать	0.00039056341593881873
1048	строка	0.000389986332953108
1049	прекрасно	0.00038950590319261375
1050	150	0.00038907940211031186
1051	середина	0.0003889190079258249
1052	35	0.0003884917478443943
1053	заводить	0.0003868418777242999
1054	лавка	0.00038618399389063165
1055	очевидный	0.0003850986542026435
1056	gov	0.00038477038590402227
1057	спаситель	0.0003846282733387696
1058	проект	0.000384363380347663
1059	проходить	0.00038366927790993264
1060	пыль	0.00038344544401389867
1061	информация	0.00038317908569642433
1062	седьмой	0.00038290218969724697
1063	культура	0.0003813848248399602
1064	казаться	0.00038133747298347323
1065	ли	0.00038131144276779157
1066	нарисовать	0.0003811946320950982
1067	красивый	0.00038028399230482336
1068	лапа	0.0003801481055537925
1069	английский	0.0003794395856831952
1070	повод	0.00037911189509260074
1071	верх	0.00037885707406209383
1072	лететь	0.00037878569632930045
1073	снаружи	0.00037855920264176154
1074	попадать	0.00037855452704925945
1075	грязь	0.0003781853120136489
1076	доживать	0.00037814087029893113
1077	момент	0.00037735020005660386
1078	привлекательный	0.00037625306957765267
1079	вот	0.0003761108165474818
1080	обман	0.0003759715283990049
1081	коса	0.00037576525946887105
1082	богу	0.0003752462057800008
1083	представитель	0.00037491482673510156
1084	мертвый	0.0003744819830637263
1085	суть	0.0003739519825088516
1086	тьма	0.00037378797885614126
1087	телевидение	0.0003732706147921194
1088	плоть	0.00037315228476923583
1089	90	0.0003728079390392729
1090	лето	0.00037263867102167606
1091	сутки	0.0003723532551418983
1092	святый	0.00037211345100478797
1093	доступный	0.000372104484831609
1094	сука	0.0003715192702684425
1095	рост	0.00037103678987929233
1096	ласковый	0.0003709184626580821
1097	зона	0.0003700004296017681
1098	тоже	0.0003688608990932735
1099	отец	0.0003681629101405634
1100	дергать	0.0003678646161710027
1101	третий	0.000367738801425676
1102	рождаться	0.00036739673473480997
1103	пробовать	0.0003671975971842062
1104	сверху	0.0003668182648206286
1105	Как	0.000366650586974511
1106	государство	0.0003665384616623537
1107	весть	0.0003655955228985719
1108	татьяна	0.00036539935615599427
1109	оборачиваться	0.00036438280223307203
1110	твориться	0.00036432465980401
1111	Васька	0.0003642914276247518
1112	смело	0.0003642729126385214
1113	Степан	0.0003638793377191803
1114	несчастье	0.00036372790811439325
1115	ощущать	0.0003635597710036709
1116	никак	0.0003635210820620472
1117	весенний	0.00036266233206626975
1118	женщина	0.000362187524540017
1119	старший	0.0003619938577384605
1120	некий	0.0003618781100241082
1121	сегодняшний	0.00036110931870540617
1122	мышца	0.00036091348746408736
1123	помогать	0.00036083523705564735
1124	Все	0.0003599071621764428
1125	видеть	0.00035932571707883025
1126	мэр	0.000358882780355694
1127	огонь	0.0003588462318396968
1128	возвращение	0.0003582016777893944
1129	шепот	0.0003581242997254569
1130	месяц	0.0003577120086118323
1131	отказываться	0.00035736114768360937
1132	примерно	0.0003573386993435727
1133	сколько	0.00035733179885829436
1134	ракета	0.0003569713704183544
1135	терпеть	0.0003564725217275439
1136	малый	0.0003555756832268661
1137	вдали	0.00035497868837102624
1138	ра	0.00035449370804713703
1139	спасибо	0.0003540607341925989
1140	Иван	0.00035395098723004317
1141	существование	0.00035391024326214207
1142	стена	0.0003538794310556205
1143	судья	0.0003534059173614881
1144	Артур	0.00035329384167643696
1145	франция	0.0003530118203524193
1146	иль	0.00035213822406975987
1147	оживать	0.0003517074692258676
1148	русь	0.0003478040751032221
1149	слон	0.0003477818497355934
1150	Ryuntyu	0.00034775545388926303
1151	туалет	0.0003466964941476869
1152	чей	0.0003462777488646048
1153	стучать	0.0003458318766878876
1154	исчезать	0.0003452910283696323
1155	собак	0.0003451089903691667
1156	настя	0.00034496939966097135
1157	опыт	0.00034336154785059674
1158	побеждать	0.00034321354856070867
1159	вселенная	0.0003426208754757227
1160	палата	0.00034188358978501414
1161	коробка	0.0003412047112334505
1162	предок	0.0003405218284451711
1163	стекло	0.00034049966438230424
1164	часть	0.000339838431365197
1165	вечный	0.00033959416964693005
1166	болото	0.00033958628473877505
1167	каша	0.00033933257799896127
1168	проза	0.0003391630407181034
1169	надеяться	0.0003385516967927718
1170	оставаться	0.0003385308290646983
1171	сахар	0.00033776873298772115
1172	наверно	0.00033755431892079364
1173	след	0.0003373207119492131
1174	близкий	0.00033625185953561085
1175	прокурор	0.0003355983716835361
1176	хоть	0.00033388999690404876
1177	величие	0.00033349193261121313
1178	ладонь	0.000332932394564348
1179	практика	0.00033253091473072475
1180	армия	0.0003325041163533794
1181	плыть	0.00033127917164615033
1182	газета	0.0003305920818582195
1183	цветы	0.0003302101736046233
1184	можно	0.0003301574167085706
1185	хутор	0.00033006497010161783
1186	континент	0.0003300338066037574
1187	тяжкий	0.0003296055831830299
1188	образ	0.0003295300372848869
1189	мирный	0.0003289737484665215
1190	адам	0.0003287883142059039
1191	Нть	0.0003287576340960014
1192	искать	0.00032855746109174225
1193	1942	0.00032816754268774726
1194	незнакомец	0.0003277473965333533
1195	формула	0.00032738852502626526
1196	профессионал	0.0003273570912292301
1197	больно	0.00032724371244645877
1198	очевидно	0.0003269035209516223
1199	бомба	0.0003258706955843133
1200	Yuri	0.0003249153601785028
1201	Australia	0.00032459688060299023
1202	мусор	0.00032453433035289914
1203	конец	0.00032426023811852434
1204	манер	0.0003239013395181622
1205	иллюзия	0.00032367964524478463
1206	Matthew	0.00032337992797084166
1207	тип	0.0003227419975348637
1208	серый	0.00032260481480443756
1209	связь	0.00032180975738638044
1210	штука	0.0003216978300841837
1211	психолог	0.0003204536344995079
1212	прощаться	0.0003194303485679688
1213	европа	0.0003187981119923868
1214	другий	0.00031878973397159047
1215	блестящий	0.00031875234095095383
1216	нежный	0.00031873583633978253
1217	победа	0.00031863230363481646
1218	уходить	0.0003182393748749364
1219	культурный	0.00031810300491756253
1220	трудовой	0.0003176025038080463
1221	организация	0.0003168474358227631
1222	крепко	0.0003168092589827443
1223	Алла	0.00031673652075440246
1224	Совсе	0.00031665309448965895
1225	совесть	0.0003163741461727441
1226	петь	0.000316306492013218
1227	божий	0.000316208474316067
1228	кусочек	0.00031528143552780034
1229	осень	0.0003149795961715984
1230	шумный	0.0003140495619378884
1231	населять	0.00031380071376747127
1232	картина	0.00031332835674528065
1233	им	0.0003129571959878927
1234	философский	0.00031216744490816177
1235	дома	0.00031204613285473255
1236	послушать	0.00031135819944001704
1237	фонд	0.0003113148112469106
1238	С	0.00031123134383721643
1239	помнить	0.000311066769255649
1240	стр	0.00031106658598895493
1241	борис	0.00031043275358558415
1242	будто	0.0003101104647693378
1243	спрашивать	0.0003100419041687501
1244	красавица	0.0003099616115828598
1245	отвечать	0.00030980808561094706
1246	дружить	0.0003093978121228092
1247	рыжий	0.0003089062813169934
1248	улыбаться	0.0003081740314807928
1249	листок	0.00030784071658733307
1250	dvd	0.000307430799401919
1251	дарить	0.0003073615725236277
1252	Рюнтя	0.0003069301559900215
1253	внезапно	0.0003068473413799422
1254	записывать	0.00030629029042163436
1255	сидеть	0.00030505394621781304
1256	Юри	0.0003048504009493881
1257	Библиотекe	0.0003047531870301872
1258	Россияны	0.0003047531870301872
1259	Мэттий	0.0003046067737860818
1260	частота	0.0003040709564949434
1261	призывать	0.0003034139450485352
1262	предъявлять	0.00030317084146789885
1263	театр	0.0003030141619299125
1264	палочка	0.0003015220649664193
1265	спор	0.00030127491367769104
1266	колокольчик	0.00030124453319404067
1267	встреча	0.0003008334693176319
1268	париж	0.0003007542909668167
1269	Лиза	0.00030070779204105486
1270	ага	0.0003001103622955591
1271	интернет	0.0002998947096680451
1272	свободно	0.0002998070291732817
1273	мотив	0.00029960936967299637
1274	зачем	0.000298612809581844
1275	благодать	0.00029837216939264556
1276	абсолютно	0.00029809221331632805
1277	ведать	0.0002980204603575289
1278	терять	0.00029626539165183177
1279	алкоголь	0.0002955366205811743
1280	крест	0.00029506630050585807
1281	нона	0.0002949965906437842
1282	елка	0.0002946872634841787
1283	достать	0.00029452519748940093
1284	золотистый	0.00029435623310496357
1285	мужчина	0.00029422402389473303
1286	роман	0.0002937291323706385
1287	родина	0.000293587760253198
1288	любимый	0.00029313986157449956
1289	фея	0.0002925792054862546
1290	500	0.0002922919238331011
1291	процесс	0.0002920041456900872
1292	особа	0.00029190611678356
1293	сыграть	0.00029187861307579274
1294	махать	0.0002911279944511456
1295	стоимость	0.00029086892073863443
1296	черный	0.0002907429301729347
1297	сарай	0.00029071478828476545
1298	соль	0.00029041238012057617
1299	украинский	0.0002900694846978578
1300	че	0.0002899150466675078
1301	пугать	0.0002892500299220114
1302	1922	0.00028889353052373055
1303	режим	0.00028849571350403336
1304	словно	0.00028787340654571453
1305	сталь	0.00028703201112125116
1306	пульт	0.00028660208192148826
1307	оа	0.00028623345502340046
1308	волшебство	0.0002858522073313479
1309	Божий	0.0002855967365689521
1310	меняться	0.0002850220082661112
1311	вокруг	0.0002835968358214486
1312	руль	0.00028324590234672767
1313	1999	0.00028307853807719204
1314	мария	0.000282859279632352
1315	чудный	0.00028273317988217574
1316	господин	0.00028222005828172224
1317	голый	0.00028210451901987394
1318	практически	0.0002820236025573412
1319	закрытый	0.0002818525983517949
1320	самый	0.0002816937768324535
1321	дрова	0.0002816402708162588
1322	ванна	0.00028161707224904053
1323	флаг	0.00028152735864580723
1324	сегодня	0.0002814611472673935
1325	некогда	0.00028145008340210823
1326	дорогой	0.0002811804548316446
1327	навсегда	0.0002810050129765197
1328	точно	0.00028083975635122976
1329	вести	0.0002808041742252108
1330	конституция	0.00028051086635143854
1331	подруга	0.0002802827484211595
1332	дневной	0.0002798125906047573
1333	витрина	0.0002794415998143878
1334	природный	0.00027937469266772346
1335	урожай	0.0002789321832149461
1336	задница	0.00027874695150129964
1337	громадный	0.00027848856788648346
1338	структура	0.00027846483104380416
1339	тебя	0.00027826768716337363
1340	божественный	0.0002780392231772325
1341	лишать	0.00027796440655358595
1342	чуть	0.0002775326864714726
1343	америка	0.0002775235449166854
1344	покупать	0.00027742728589063876
1345	видный	0.00027726019966999607
1346	сосуд	0.0002772253756990859
1347	Ф	0.0002770017753668218
1348	интонация	0.00027682386645048703
1349	коричневый	0.00027630872804189116
1350	фабрика	0.0002761566296736264
1351	ритуал	0.0002756756979000395
1352	очень	0.00027524651545387163
1353	сгорать	0.0002751397145011214
1354	под	0.00027458428837124493
1355	французский	0.0002744318559479884
1356	ноябрь	0.00027441377364205877
1357	вчерашний	0.0002743767028405394
1358	одить	0.0002741448873073022
1359	гореть	0.0002738994662999455
1360	дурной	0.00027355966880172466
1361	устраивать	0.00027349428955810204
1362	тоска	0.00027333277424609274
1363	из	0.00027274714408298144
1364	пора	0.0002719274665823729
1365	полно	0.0002719047876085679
1366	губернатор	0.0002718784842348547
1367	сеть	0.00027173169432528937
1368	достаточный	0.0002712847811247303
1369	впрочем	0.00027127622959646037
1370	множество	0.0002711644606303097
1371	десять	0.00027075083833069257
1372	невидимый	0.0002702200988118352
1373	белье	0.0002702176909634328
1374	сторона	0.00026994357568013456
1375	называть	0.00026979702067672125
1376	продавать	0.0002694464420857096
1377	складывать	0.0002693946878531247
1378	бабушка	0.0002691255396649527
1379	автомобиль	0.0002687465101352153
1380	телефон	0.00026849894202963257
1381	миг	0.00026817907362387697
1382	Э	0.0002674965046167785
1383	муж	0.00026702263861787994
1384	посещать	0.00026689898880969613
1385	биография	0.00026680828874013775
1386	глянуть	0.00026678225971409856
1387	бригада	0.00026626352383109084
1388	33	0.00026525375200230663
1389	сваливаться	0.00026507764119260445
1390	тропинка	0.00026498838924556006
1391	принец	0.00026467282467734825
1392	собачка	0.00026464168235682694
1393	1993	0.00026442861590616215
1394	народный	0.00026437921729967866
1395	холодной	0.00026349912001652145
1396	тяжелый	0.000263463860808863
1397	штат	0.0002634400672683861
1398	шестнадцать	0.00026333330472147454
1399	сметь	0.00026328263679935337
1400	дверь	0.0002630893283013778
1401	вид	0.0002630355501860233
1402	чашка	0.0002627396135208911
1403	посылать	0.0002625326328449839
1404	стрелка	0.00026241841384446455
1405	гулять	0.00026241392652963516
1406	вступать	0.00026241184114068243
1407	корова	0.00026225374908220425
1408	творение	0.000261987198758223
1409	жилье	0.0002614298202741529
1410	Сколько	0.0002614179201756691
1411	половина	0.000261352105683731
1412	кончик	0.0002611312352814046
1413	кидаться	0.0002608757133640965
1414	1918	0.00026057748816722475
1415	играть	0.0002603633168510089
1416	Usa	0.0002602641818580798
1417	уставать	0.00026007088725372746
1418	здесь	0.00026003852378323665
1419	хор	0.0002599800233968187
1420	число	0.0002599171272784878
1421	вставать	0.00025963225264719216
1422	колено	0.0002596074141310025
1423	красиво	0.00025938148354983677
1424	чистый	0.0002592775283239651
1425	сладкий	0.0002590561184681317
1426	модель	0.00025893079105849187
1427	михаил	0.00025889218240703917
1428	философ	0.0002588610305450723
1429	придумывать	0.0002586915127671014
1430	физика	0.0002586789817219561
1431	ранить	0.0002586264036510758
1432	дама	0.00025750186397525667
1433	нибудь	0.0002573234334389709
1434	наркотик	0.0002569518894705922
1435	апостол	0.00025679952941833897
1436	тесный	0.0002567930214115858
1437	бить	0.0002566669621603439
1438	баня	0.0002564274478386646
1439	куча	0.00025632991568540995
1440	дружно	0.0002562399749146301
1441	борт	0.00025617783637517486
1442	вершина	0.0002558652403532469
1443	передача	0.00025481525593619013
1444	ребенок	0.00025449678194922363
1445	причина	0.00025435441306990303
1446	анна	0.0002538596314434684
1447	внук	0.00025381040301944744
1448	фраза	0.00025351607659880387
1449	благ	0.0002534864181804006
1450	Галина	0.00025328814222452654
1451	мам	0.00025278307526763096
1452	гордо	0.00025277249084725977
1453	ворота	0.0002527349914336514
1454	польша	0.0002527268732746989
1455	признаваться	0.0002526282145951906
1456	коллектив	0.00025223789892236026
1457	ресторан	0.0002521570320403551
1458	будущее	0.00025213034542356956
1459	точка	0.00025204772590537675
1460	выключать	0.0002519698628428648
1461	миф	0.0002518728427047
1462	махнуть	0.00025176727269885077
1463	сфера	0.0002515828153350506
1464	шутка	0.0002515111936832086
1465	награда	0.0002514839079995167
1466	политика	0.00025146927145691325
1467	редакция	0.00025142987523420006
1468	отвечивать	0.0002513204080448005
1469	счастливый	0.0002507140749422302
1470	спускаться	0.00025067434268679153
1471	одиночка	0.0002504654624513377
1472	строй	0.00025043917049678485
1473	одеяло	0.0002503830325875795
1474	супруга	0.0002499651167313911
1475	замечательный	0.0002497467940992801
1476	широкий	0.00024973893220077566
1477	жду	0.0002496524678271952
1478	фон	0.00024953409902717674
1479	итог	0.00024948788823147227
1480	переход	0.0002493963749360139
1481	та	0.0002491791618055301
1482	хвост	0.00024900552532306625
1483	ii	0.0002489293258730223
1484	путь	0.000248827040216215
1485	сквозь	0.0002487104942110346
1486	сажать	0.00024869965253968956
1487	должен	0.0002486822698702224
1488	спортивный	0.0002486498714809179
1489	Анна	0.0002485665588587434
1490	вопрос	0.0002483130792588747
1491	романтический	0.00024824149306116575
1492	застывать	0.00024818959854713883
1493	яркий	0.0002478179338675958
1494	находить	0.00024754519922508614
1495	начальный	0.0002472693255321872
1496	хмыкнуть	0.00024648842145532485
1497	очнуться	0.000246131268458815
1498	звание	0.0002458064526591882
1499	крикнуть	0.00024563677389899673
1500	скажи	0.00024558358271837806
1501	нота	0.00024537478661887515
1502	путник	0.00024484006622269754
1503	обретать	0.00024465351437478924
1504	лук	0.0002445572755935982
1505	Маш	0.0002443467538159743
1506	папа	0.0002440011307246002
1507	посторонний	0.0002436764309643503
1508	порыв	0.0002434302832399288
1509	отношение	0.00024291308347911344
1510	внимание	0.00024263050572288
1511	душевный	0.00024228920769246853
1512	нож	0.000242249252990581
1513	лозунг	0.00024189497392374838
1514	октябрь	0.0002416993921388353
1515	отбрасывать	0.00024097687978203775
1516	выборы	0.00024062824950090092
1517	печальный	0.00024033536786167363
1518	тропа	0.00024032735004621397
1519	список	0.0002401073544381598
1520	гроб	0.00023972889827891323
1521	рвать	0.0002393703424589554
1522	слабый	0.0002393596915205989
1523	рецензия	0.0002392868799134075
1524	место	0.00023921413847660376
1525	фильм	0.00023915291564455293
1526	Иисус	0.00023869815416061374
1527	детство	0.00023859473249805127
1528	оттого	0.00023856063963340198
1529	атом	0.00023821013302417922
1530	дочка	0.0002382085292714354
1531	полагаться	0.00023725431375198666
1532	игорь	0.00023719517260809155
1533	эльф	0.00023701319144846188
1534	привать	0.00023625667235419287
1535	вася	0.0002358817203808093
1536	пальчик	0.0002358203689245641
1537	способ	0.00023580629954410062
1538	нехороший	0.00023576965706586072
1539	крутиться	0.0002356478023600232
1540	стихотворение	0.0002355075543984572
1541	подходить	0.00023548096873415722
1542	морской	0.0002350578871690855
1543	рыба	0.000234835128793074
1544	ворон	0.0002347424929439084
1545	всемирный	0.00023454377306796756
1546	создавать	0.00023449166876984937
1547	послание	0.00023443549731015162
1548	основной	0.0002343232820227095
1549	базар	0.00023422957908393252
1550	Р	0.00023409932547794224
1551	стандартный	0.00023378623882996724
1552	расти	0.00023351749355748688
1553	встречаться	0.0002330762634908859
1554	иисус	0.00023297712332189587
1555	вдалеке	0.000232794882120684
1556	пост	0.00023277684550515362
1557	продукт	0.0002326634981563916
1558	ситуация	0.00023251561653705218
1559	вслух	0.0002322493444307064
1560	красивой	0.00023224861493806176
1561	бессмертный	0.00023223880423740154
1562	шедевр	0.0002320455150206325
1563	михайлович	0.00023190809731957844
1564	подумать	0.00023166004564476213
1565	недовольно	0.00023059078669986928
1566	финал	0.0002302248981647192
1567	жертва	0.0002300084494812976
1568	математика	0.00022987667188949752
1569	кровь	0.00022923218398773225
1570	далеко	0.00022921396522804775
1571	пееред	0.00022888863085790734
1572	волнение	0.00022883885276790266
1573	шоу	0.00022880093910177026
1574	также	0.00022847229717012154
1575	событие	0.00022846675628589467
1576	птичка	0.0002282984693131462
1577	иначе	0.00022823411319005508
1578	34	0.00022809554724279114
1579	слёз	0.00022798618877834488
1580	основание	0.00022745294992651132
1581	Иоанн	0.00022699693234514286
1582	даваться	0.0002265943707783495
1583	лопата	0.00022657745219940105
1584	гитара	0.00022629900969575265
1585	дьявол	0.00022573332121938628
1586	декабрь	0.00022558097294884824
1587	видать	0.00022549057122640606
1588	порода	0.00022504819708851615
1589	привычка	0.00022487925990000482
1590	максимально	0.0002248019768669552
1591	иметь	0.00022479859485399116
1592	добрый	0.0002247824716669569
1593	ужасный	0.00022474181160895296
1594	предательство	0.00022458499205305532
1595	туда	0.00022435737780962582
1596	однажды	0.00022428793024968595
1597	Диан	0.00022420039129777936
1598	полк	0.00022310143021464493
1599	облако	0.00022306177895446163
1600	55	0.00022305063268900722
1601	сплошной	0.00022290954097375427
1602	свадьба	0.00022279122850310664
1603	учитель	0.00022268675548301747
1604	рама	0.0002226284033236658
1605	Г	0.00022253253095741915
1606	матрос	0.0002224282567850852
1607	конструкция	0.0002221263305863639
1608	семен	0.00022191203218640144
1609	идти	0.0002217436936030068
1610	сравнивать	0.00022073891937679068
1611	рано	0.0002204788750361127
1612	страдать	0.00022025624504398865
1613	трон	0.00022005852461872577
1614	феномен	0.00021994919142317746
1615	причинять	0.00021987877928726515
1616	балкон	0.00021968020391525538
1617	бесконечность	0.00021944417685110059
1618	девица	0.00021938671609733387
1619	молния	0.00021893087842621894
1620	переживание	0.0002184849087199354
1621	перспектива	0.0002184435204913374
1622	свое	0.00021820684983588345
1623	принимать	0.00021815614706932796
1624	строить	0.0002180596941933616
1625	ног	0.00021743892669761827
1626	зато	0.00021732564161846147
1627	железный	0.00021727479681016708
1628	прощать	0.0002169574893139806
1629	совершенно	0.00021689601884753297
1630	одежда	0.0002163354382660704
1631	противоречие	0.00021586818161394242
1632	громкий	0.00021579938651672544
1633	Оксан	0.000215776345041595
1634	власть	0.000215431131591379
1635	Эй	0.00021532070670230802
1636	хирург	0.00021463407690442554
1637	выражение	0.00021446694945580314
1638	убегать	0.0002144210770521585
1639	цикл	0.00021388975769794514
1640	дитя	0.00021380255388255313
1641	важность	0.0002134291392142643
1642	возить	0.00021342223870841017
1643	боец	0.00021319778783283438
1644	приятный	0.00021299399538398352
1645	юля	0.00021275386778001512
1646	захотеться	0.00021272683042091624
1647	неделя	0.00021270454056883855
1648	пускать	0.00021263075491303958
1649	орган	0.0002118279334689477
1650	злый	0.00021178175362743988
1651	острый	0.00021167104585424583
1652	тайна	0.0002115182774626815
1653	ивановна	0.00021075223483710162
1654	Петрович	0.00021050087700659882
1655	вновь	0.0002102290175838144
1656	лёгкий	0.00021022824293184087
1657	выводить	0.00021000503911409036
1658	квадрат	0.0002097246808704882
1659	собираться	0.00020937969194350205
1660	крыша	0.00020895299452505418
1661	нефть	0.00020892376945131277
1662	учебник	0.00020859298984493712
1663	хорошо	0.00020846873778050844
1664	минус	0.00020817634092979725
1665	ложка	0.0002081540125933515
1666	покой	0.00020803538835891954
1667	случай	0.00020802490398358635
1668	Есть	0.00020784792415348043
1669	блин	0.00020714720816663478
1670	тупо	0.00020646004430295337
1671	щека	0.0002057359814225076
1672	диск	0.0002052640061281278
1673	невинный	0.0002052266234683841
1674	объем	0.00020503293674758926
1675	шаг	0.0002049492790067811
1676	бросать	0.0002047286031057459
1677	1937	0.00020437193024054772
1678	между	0.0002039222646254236
1679	беседа	0.00020358695610829465
1680	важный	0.0002031283112443731
1681	безопасность	0.00020306739980094533
1682	ошибка	0.00020290145258063515
1683	стая	0.0002027117235892062
1684	рукав	0.00020267581765296447
1685	пушистый	0.0002022661375396125
1686	бокал	0.00020155142693702678
1687	клиент	0.00020152130513521055
1688	отчаяние	0.0002014571996545534
1689	нуть	0.00020135489043290175
1690	симпатичный	0.00020110919118215427
1691	никогда	0.00020057046202147646
1692	нужда	0.00020028061971817622
1693	область	0.00020006922185535463
1694	второй	0.00019958966966627636
1695	цифра	0.00019889802055683356
1696	кививать	0.00019856566737151785
1697	должность	0.0001983681772513721
1698	возле	0.00019806796603013668
1699	мягкий	0.00019785487371876373
1700	отдавать	0.00019738745467497173
1701	иногда	0.00019705271619513865
1702	всматриваться	0.00019683708099220128
1703	арест	0.00019659807370589586
1704	география	0.00019626622217699366
1705	свидание	0.00019597088099084805
1706	знакомство	0.00019576697400267956
1707	мгновение	0.00019570592921245057
1708	обижать	0.00019471801920066984
1709	сиять	0.00019441715388780802
1710	неожиданный	0.00019434491868329238
1711	наносить	0.0001943031365953148
1712	ворона	0.00019421226326190184
1713	пример	0.00019394874396406006
1714	Таня	0.00019268660230167727
1715	противоположный	0.00019222773231081382
1716	отец1	0.00019098910048393925
1717	сказочный	0.00019082191306382605
1718	столик	0.0001906288998329966
1719	ах	0.00019049336809038792
1720	требовать	0.00019009872280119195
1721	сынок	0.0001900256209183742
1722	никуда	0.0001899555202649705
1723	опасность	0.00018986865601847413
1724	сонный	0.00018945101971507794
1725	контракт	0.00018944062416581813
1726	уважаемый	0.00018939345400380018
1727	незнакомый	0.00018930106191124117
1728	социальный	0.00018917400339707626
1729	инструмент	0.0001890294488305391
1730	лб	0.00018897605254039883
1731	англия	0.00018897129322786957
1732	украшать	0.00018897063493435396
1733	воходить	0.00018854884804376441
1734	чудовище	0.00018820764582025778
1735	команда	0.00018820522148155507
1736	получать	0.00018805897544932495
1737	молчание	0.00018781907376698795
1738	Миша	0.00018758412863474066
1739	привязывать	0.00018719494129715433
1740	блаженство	0.00018695685520302074
1741	зритель	0.00018654556903493612
1742	королевство	0.00018630705300577526
1743	буквально	0.00018543990830761236
1744	египет	0.00018509718623944867
1745	ядро	0.00018498433668492984
1746	дружба	0.00018466689387509823
1747	самостоятельно	0.0001846563178433407
1748	подробно	0.0001845972623557137
1749	организм	0.00018424951527001523
1750	заклинание	0.00018374693810395187
1751	эмоция	0.0001833808948783841
1752	плохо	0.00018286654457951655
1753	уборка	0.00018259225341131437
1754	журнал	0.00018173023740235313
1755	Кир	0.00018164546405348322
1756	бровь	0.00018095126968106193
1757	олень	0.00018089402885539574
1758	бесконечный	0.00018069842963306477
1759	борода	0.00018062901891219591
1760	трубка	0.0001805569107431316
1761	натыкаться	0.000180083727411378
1762	подавать	0.00018007069925139718
1763	лечить	0.00017969167685870913
1764	период	0.00017954881477838525
1765	ощущение	0.00017924714821496092
1766	выяснять	0.00017921629829699317
1767	вперед	0.00017915713229939306
1768	униматься	0.00017871063601150328
1769	мигать	0.00017863748789425027
1770	проявлять	0.00017854249951358638
1771	рубаха	0.0001781713961845791
1772	пирамида	0.00017773848854161315
1773	представляться	0.00017772042898333627
1774	пустота	0.00017751237765021517
1775	таскать	0.00017744738117535385
1776	ярко	0.00017735671323108868
1777	улица	0.00017732026904989346
1778	зимний	0.00017720853089026972
1779	антон	0.0001771235053078033
1780	программа	0.0001763534426913089
1781	ранее	0.0001761456788682743
1782	израиль	0.00017610521871524264
1783	присутствие	0.0001759571068242621
1784	стук	0.0001758860689823069
1785	дело	0.00017554679749034931
1786	педагог	0.00017536958212830656
1787	быстро	0.00017520755519891305
1788	женский	0.00017497316642637152
1789	пламя	0.0001745322552257085
1790	издательство	0.0001744306384389742
1791	приобретать	0.00017439048128897557
1792	шлем	0.0001743663121214369
1793	беспокоиться	0.00017424245446173736
1794	комментарий	0.00017407580034689007
1795	денежный	0.00017393693879188296
1796	тень	0.00017383549890909964
1797	колония	0.00017372313825299713
1798	ругать	0.00017365377164006073
1799	жадность	0.0001734728323173938
1800	современный	0.00017337660292327954
1801	глядеть	0.0001731771802100359
1802	точный	0.0001726791390733896
1803	эволюция	0.00017241207575296292
1804	колхоз	0.00017232031143577038
1805	требоваться	0.00017206435131614513
1806	банка	0.00017199619399148726
1807	сумасшедший	0.00017197620210107728
1808	волга	0.00017197024367415122
1809	внутренний	0.00017181315406772967
1810	общественный	0.00017152159955766412
1811	дурак	0.0001714325167786727
1812	джип	0.00017130084337049322
1813	взрослый	0.00017098417362828848
1814	презрение	0.00017075289432971291
1815	начать	0.0001707159966948026
1816	красный	0.00017064379513937237
1817	парадный	0.00017034735583023163
1818	удовлетворять	0.0001699956920557482
1819	лезть	0.00016975811494228507
1820	шаман	0.00016953765738270677
1821	извини	0.0001693676253966331
1822	магия	0.00016928885943143194
1823	забивать	0.00016922816881199205
1824	иметься	0.0001691931238386557
1825	чёрный	0.00016895067527244862
1826	тост	0.00016882778240787902
1827	бедный	0.00016878815395409745
1828	иванов	0.00016874178578783067
1829	впереди	0.00016865739023598657
1830	коллекция	0.00016798775468460596
1831	плечо	0.00016785971006729017
1832	документ	0.00016776392271980069
1833	безумный	0.0001676850118665619
1834	твий	0.00016765736707711218
1835	талант	0.00016741134935022942
1836	трезвый	0.00016729850146462075
1837	принц	0.00016713467430036225
1838	мысенно	0.00016707393080914317
1839	единый	0.00016700869459865822
1840	колдун	0.00016679188005067782
1841	разливать	0.00016678980017952638
1842	уверенный	0.00016666553740924417
1843	зад	0.00016628035074838586
1844	именно	0.00016614572634747216
1845	советский	0.00016563839661671946
1846	набивать	0.0001655923787960434
1847	потребность	0.0001655190274267006
1848	почта	0.0001654125524479493
1849	трещина	0.00016540534265969303
1850	древний	0.0001651265495418153
1851	сохранять	0.0001647086027440436
1852	рюмка	0.00016457681383993426
1853	сжимать	0.0001645121766674314
1854	уверенность	0.0001641022040302392
1855	поэт	0.00016365714366060898
1856	окружать	0.0001636093879847796
1857	вождь	0.00016328811569471695
1858	цвет	0.00016322947621741747
1859	набор	0.00016322087972864353
1860	долг	0.00016303584688124922
1861	орех	0.00016301236776998407
1862	терпение	0.0001629318150535069
1863	др	0.00016281277558191268
1864	размер	0.00016279877072596604
1865	чайник	0.00016262061860621474
1866	варить	0.00016237902310878622
1867	бедной	0.0001622724989434341
1868	щит	0.00016226161004718293
1869	заявление	0.00016190600865691318
1870	надежный	0.0001618888057044727
1871	новый	0.00016161564789208172
1872	дура	0.00016159261509599086
1873	полдень	0.00016137291486071267
1874	глубоко	0.00016132035413592762
1875	осознавать	0.00016101196732734528
1876	христианин	0.00016067220450502484
1877	недостаток	0.0001606403781006852
1878	жесткий	0.00016059277927204819
1879	повторяться	0.0001605624450522153
1880	мыслить	0.00016017095834707578
1881	обожать	0.00015987178819024483
1882	класс	0.00015981201230048838
1883	ведро	0.0001597318966354806
1884	вроде	0.00015964926631527614
1885	верный	0.00015931272063561452
1886	грязной	0.00015916211550829194
1887	видео	0.00015905861209868018
1888	отсутствовать	0.0001589660691660035
1889	добираться	0.00015888075670390613
1890	сообщать	0.00015871709396618106
1891	Лариса	0.00015869523943999258
1892	казахстан	0.00015865882979812913
1893	глухой	0.00015862348978076856
1894	объявлять	0.00015861937139414968
1895	эра	0.00015841107761441618
1896	гимн	0.00015833719007222826
1897	владеть	0.00015833094359037598
1898	акцент	0.00015824066734034333
1899	Анный	0.0001582122621758844
1900	доктор	0.00015819603022613262
1901	записка	0.00015813445057420844
1902	заплакать	0.0001579351901658191
1903	резко	0.0001577851567877691
1904	мудрый	0.0001577117202975563
1905	парочка	0.0001576228508310916
1906	гараж	0.0001575885168750542
1907	ступень	0.00015751609335607066
1908	крыло	0.0001572829305966975
1909	ложный	0.0001572740019961777
1910	сотня	0.00015713319536297292
1911	слой	0.00015700403469736957
1912	воспевать	0.00015681636474337518
1913	популярный	0.00015656070753238525
1914	избирать	0.00015654292329644214
1915	турист	0.00015642366479131622
1916	секрет	0.00015640153809288242
1917	плита	0.00015630658811876763
1918	машина	0.00015621119889369352
1919	Анн	0.0001562079788617343
1920	платить	0.00015601729429696795
1921	внимательный	0.00015598359915978732
1922	деяние	0.0001558292706380324
1923	гордиться	0.00015572632830622505
1924	кружиться	0.0001556155648840108
1925	ветвь	0.00015556399827239593
1926	запросто	0.0001554642803480868
1927	овраг	0.00015531894961835942
1928	крышка	0.00015499467951752958
1929	спешить	0.00015493931005060776
1930	приходить	0.00015467283394509114
1931	обманывать	0.000154646043620686
1932	энергия	0.0001544004065293516
1933	маленький	0.00015434437566582231
1934	сюрприз	0.0001542647405158197
1935	председатель	0.00015401299651768584
1936	хватать	0.00015399366628439463
1937	суждение	0.000153939882241675
1938	грубый	0.00015392208605589626
1939	база	0.0001538562851886129
1940	ь	0.0001538142849104989
1941	рождать	0.00015372922483366798
1942	встречать	0.00015310184011139278
1943	водитель	0.00015295978974745817
1944	мий	0.0001528052390077657
1945	менее	0.00015277693780025724
1946	допрос	0.00015257605447711192
1947	ничто	0.00015255966758520326
1948	неудобный	0.00015253134969555037
1949	данный	0.00015226388191244295
1950	совещание	0.00015207826796744984
1951	пожилой	0.00015206056927846964
1952	господ	0.00015167466853739577
1953	ответ	0.00015165925876759197
1954	грозный	0.00015160714583964895
1955	кавказ	0.0001510566681779086
1956	загадка	0.00015100592892486778
1957	относить	0.00015068706827754043
1958	прочее	0.00015052738473656372
1959	кремль	0.0001504864028543278
1960	хлеб	0.00015029703766902938
1961	треть	0.0001502816688989527
1962	явно	0.00015018331746800853
1963	справедливый	0.00014994282385969026
1964	импульс	0.0001498490250931785
1965	реальный	0.00014973168146580374
1966	крепость	0.0001495164663439219
1967	гриб	0.00014946808721763203
1968	фашист	0.0001494664169599574
1969	обида	0.00014943109697682455
1970	большинство	0.00014934013171652178
1971	прежде	0.00014933814507670946
1972	госпиталь	0.00014895429444582994
1973	бережно	0.00014883406000096563
1974	полиция	0.00014877597660064128
1975	заведение	0.00014865599624337876
1976	развитие	0.00014851486819951706
1977	убирать	0.0001484597314894038
1978	коммунизм	0.00014844990518263147
1979	вернуть	0.0001483126526411829
1980	возможно	0.00014823351873663717
1981	индийский	0.00014818590082378824
1982	настоящее	0.00014813187708580955
1983	Х	0.0001480692638356798
1984	почти	0.00014795345746228784
1985	поэтический	0.0001479416805437115
1986	сделавать	0.00014787586694870199
1987	грек	0.0001478710188221534
1988	получаться	0.0001478423953277777
1989	пробивать	0.00014776912131657784
1990	посетитель	0.00014755495549520492
1991	заказывать	0.00014752265118729845
1992	градус	0.00014739891715688627
1993	повести	0.00014734689074797396
1994	командование	0.00014715306545728924
1995	гость	0.00014683051626928188
1996	современник	0.00014675495828005977
1997	огурец	0.00014663453884439882
1998	батарея	0.00014660948718528562
1999	лавочка	0.0001464695799800893
2000	напиток	0.00014624058587017468
2001	вдыхать	0.00014617536539993155
2002	вся	0.00014591695710219958
2003	ранение	0.00014581929143876656
2004	Люба	0.00014577630767151752
2005	камера	0.00014570867758536112
2006	божество	0.00014565671235775688
2007	мистический	0.0001456030734517923
2008	свод	0.00014550522183028205
2009	брат	0.0001453418015711547
2010	отрицательно	0.00014526377005930508
2011	сомнение	0.0001452045844290858
2012	умный	0.00014513597358793546
2013	молодость	0.00014505784471306567
2014	металлический	0.00014498536122625118
2015	закричать	0.00014494810532718103
2016	увидеть	0.0001448040630356549
2017	веко	0.000144570953243909
2018	реформа	0.00014453375873882765
2019	эй	0.00014453178792838637
2020	скользнуть	0.0001442616767575374
2021	демократия	0.0001441622372047156
2022	фрукт	0.00014413316159802057
2023	соглашение	0.00014410138562780938
2024	корзина	0.00014405604336983902
2025	модный	0.00014396586430937176
2026	гордый	0.00014388671058388063
2027	напарник	0.0001437416537429046
2028	повседневный	0.00014367706703778463
2029	королева	0.00014361612316638906
2030	техника	0.00014340219113074255
2031	нуждаться	0.000143347964145742
2032	кафе	0.0001430795364479021
2033	мрак	0.00014305950249025886
2034	награждать	0.0001429802589322526
2035	снежинка	0.00014290821664997275
2036	печка	0.00014286221626035682
2037	собака	0.00014266968089544305
2038	надежда	0.00014258148273289288
2039	мужество	0.00014238790460497307
2040	восприятие	0.00014237351667702568
2041	старость	0.00014234868671098318
2042	обнивать	0.00014211778699117308
2043	конверт	0.0001420694553467694
2044	рекомендация	0.0001420532542562896
2045	ствол	0.00014195097814786333
2046	пояснять	0.00014189488717769193
2047	пещера	0.0001416972418506538
2048	заслуга	0.00014168095654313513
2049	цех	0.0001416386023264565
2050	1998	0.00014163400562947976
2051	пусть	0.00014135834775274553
2052	выскакивать	0.00014134358537788643
2053	волос	0.00014110307342177916
2054	глубокий	0.00014098422136918696
2055	лента	0.00014086438738617862
2056	выходной	0.0001405815188313543
2057	собственно	0.00014044623336184584
2058	достойный	0.00014041032970957
2059	салон	0.00014034728062650438
2060	подбирать	0.00014023621646377612
2061	переносить	0.00014013940592323113
2062	порт	0.0001401066153164749
2063	шкура	0.00013999032820022868
2064	семя	0.0001398882904799388
2065	свидетель	0.0001398377774073043
2066	академия	0.00013973898531449174
2067	министерство	0.00013953489989381967
2068	былотец	0.00013951800533277766
2069	брак	0.00013950695669074858
2070	сеанс	0.00013940620555539526
2071	отрицательный	0.00013932470728251649
2072	наводить	0.00013927598917565007
2073	песок	0.0001389330536835172
2074	семья	0.00013883773688704777
2075	агент	0.00013876453187261538
2076	хозяин	0.00013876233372712678
2077	сыр	0.00013866469239548265
2078	мероприятие	0.0001384091556287853
2079	угощать	0.0001383207014239536
2080	однако	0.0001383188060399159
2081	защищать	0.00013826119554021147
2082	запускать	0.00013822559016493335
2083	vol	0.00013800750577413088
2084	ноутбук	0.00013799796620614707
2085	Ser	0.00013795418420467089
2086	приключение	0.0001379030654142746
2087	тюрьма	0.00013781294736981258
2088	познание	0.00013770063110578982
2089	протест	0.00013767529606937716
2090	близкие	0.0001376683310764922
2091	смешной	0.00013757534650713955
2092	форма	0.0001374757507393343
2093	угодно	0.00013740825680996958
2094	необходимый	0.0001373802637682473
2095	сборник	0.0001372136545622967
2096	прохожий	0.00013706324059418462
2097	необходимость	0.00013699724735635518
2098	ненависть	0.00013677013371553415
2099	кончать	0.00013666221571643906
2100	собственность	0.000136572083837463
2101	ненадолго	0.00013652596580440748
2102	польза	0.000136504949587205
2103	корпус	0.00013637864120992683
2104	научаться	0.0001363318682176479
2105	сужден	0.0001363105534992003
2106	кнопка	0.00013628090731656432
2107	домой	0.0001361658347468508
2108	замолчать	0.00013606840581040626
2109	волноваться	0.0001360050499039008
2110	наполнивать	0.00013593117557612587
2111	заключать	0.00013577990651270807
2112	похожий	0.00013568508792187323
2113	радоваться	0.00013562075365991514
2114	сестр	0.00013552460741086337
2115	персонал	0.0001354792124455366
2116	услышать	0.00013544831339924507
2117	обвинение	0.00013544076535611628
2118	наверх	0.00013524014997700015
2119	задыхаться	0.00013475880246385569
2120	Саш	0.00013474053049678105
2121	причем	0.0001347060776844519
2122	турция	0.00013470423855367942
2123	командовать	0.00013468570927542247
2124	характеристика	0.0001346810820948419
2125	ссылка	0.0001344882620887652
2126	трус	0.00013444069531106295
2127	николай	0.0001343576041954533
2128	пробиваться	0.00013431182786833936
2129	мент	0.00013426269282386648
2130	комар	0.00013411814236051692
2131	нервный	0.00013399698600820984
2132	жалеть	0.00013399492139910208
2133	внешний	0.00013389290050149115
2134	фактически	0.00013379754273186022
2135	фиолетовый	0.0001337759127976928
2136	горожанин	0.0001337558519653327
2137	строчка	0.00013370836058231372
2138	Ник	0.00013350142573245532
2139	механизм	0.00013342664658490006
2140	заместитель	0.00013340982279841203
2141	стадия	0.0001333675413419551
2142	Борис	0.0001333056658875588
2143	старик	0.00013323867697621975
2144	струна	0.00013319662823206793
2145	удача	0.00013315723423556482
2146	поехать	0.00013294621054996366
2147	серия	0.00013280285103537773
2148	дальше	0.00013277020902159606
2149	хоронить	0.0001326322321227794
2150	честный	0.00013253203412397612
2151	творец	0.000132495002877793
2152	существо	0.0001324570185516662
2153	славный	0.00013243473152540382
2154	препятствие	0.00013239923897192255
2155	навстречу	0.00013238617057027773
2156	пожалуйста	0.0001322514109603906
2157	товарищ	0.00013220371219414403
2158	бездна	0.0001321513712075301
2159	классический	0.00013212063837927504
2160	болезненный	0.00013208842684105207
2161	слушать	0.0001320708187269575
2162	рождество	0.0001320345259651752
2163	пища	0.00013202882819263642
2164	напротив	0.0001319351456162214
2165	воин	0.0001318258716624972
2166	бытие	0.00013180789280270208
2167	исполняться	0.00013179030153345634
2168	частица	0.00013171781950405576
2169	сильный	0.00013167514397634253
2170	дмитрий	0.00013164809652778663
2171	лабиринт	0.00013135899427905136
2172	министр	0.00013120028880132817
2173	Василиса	0.0001311836633204006
2174	горный	0.0001311697943601751
2175	танть	0.00013110394844510065
2176	рядом	0.00013107165396916866
2177	религия	0.00013106209453389142
2178	корабль	0.0001310238567465898
2179	обедать	0.00013090796474471422
2180	тетрадь	0.00013084305374443044
2181	спрос	0.00013082094409760738
2182	вдоль	0.00013075348287696625
2183	задний	0.00013066802040328468
2184	установка	0.0001306622351025973
2185	завтрашний	0.00013064532605150007
2186	пожарный	0.0001306380845598258
2187	жалко	0.00013058925886479182
2188	элемент	0.00013053699995400306
2189	На	0.00013042088329500294
2190	готовность	0.00013031552086185803
2191	влево	0.00013028440779639262
2192	голубой	0.00013020337208708238
2193	обращать	0.00013020327768030135
2194	деньги	0.00013009873587445064
2195	сбываться	0.00013007885073187072
2196	деревня	0.0001299060088805176
2197	недавно	0.0001298378310487845
2198	вправо	0.0001296626557720029
2199	волка	0.00012958377801118402
2200	бумага	0.00012956824981530716
2201	линия	0.0001295337246030749
2202	84	0.0001294969509660491
2203	духовный	0.00012942260980044128
2204	чёрт	0.0001294166587446278
2205	разбойник	0.00012936395458379297
2206	вполне	0.00012932137730595734
2207	русло	0.00012930941943629362
2208	Билл	0.00012926217545512075
2209	ель	0.0001292308975705346
2210	матушка	0.00012916490298325357
2211	конкретно	0.00012904193157469874
2212	наоборот	0.00012901222926555553
2213	нормально	0.0001288589043798433
2214	тупой	0.0001287028081692032
2215	отпускать	0.00012858516641965138
2216	счастливой	0.000128552369624124
2217	извинять	0.00012854773342711409
2218	суббота	0.0001283472197942981
2219	куртка	0.0001281970312952793
2220	империя	0.00012809389445858025
2221	скамейка	0.0001278499165161063
2222	шапка	0.00012781079419951495
2223	ельцин	0.00012779035808189597
2224	всевозможный	0.00012776575475372087
2225	объединение	0.00012766371404525625
2226	задавать	0.0001276297464364801
2227	прочный	0.0001276278151055335
2228	такт	0.00012750202770071066
2229	освещение	0.00012749741182030758
2230	финансовый	0.00012744620632576629
2231	употреблять	0.00012736897751864794
2232	китайский	0.00012731226775135373
2233	выпивать	0.00012729574553120972
2234	составлять	0.00012728712177882592
2235	замирать	0.00012718012039261082
2236	Петр	0.00012707006280390678
2237	править	0.00012699847092152716
2238	ребёнок	0.00012699033287089
2239	отечественный	0.00012696361881281516
2240	70	0.0001269529951953233
2241	гениальный	0.000126941802445888
2242	традиция	0.0001269347703215537
2243	краска	0.00012687157202812463
2244	составляющая	0.00012682345284176276
2245	ничего	0.00012657062103739724
2246	37	0.00012655266726026344
2247	республика	0.00012643083801390376
2248	официант	0.0001264118546644146
2249	направлять	0.00012636910193203598
2250	зелёный	0.000126350616298014
2251	благо	0.00012624918367357834
2252	движение	0.0001262368392875764
2253	окружение	0.00012622457090392367
2254	сочувствие	0.00012622431286135342
2255	одинаковый	0.00012621003853271722
2256	милиция	0.00012615333043958864
2257	поэзия	0.00012612963562940173
2258	поколение	0.00012606922846356906
2259	многие	0.00012606443437956655
2260	июнь	0.00012605003385089426
2261	уточнять	0.00012581970605550282
2262	нежность	0.00012575939954322744
2263	ниже	0.00012575333665019368
2264	производить	0.0001257281169678866
2265	снова	0.00012569549052926886
2266	блеск	0.00012565134392719432
2267	приход	0.00012563236331325134
2268	испытывать	0.00012533023764333437
2269	гладкий	0.00012513074690614074
2270	бывший	0.00012506172746788914
2271	ужин	0.0001249713623459394
2272	удивительно	0.00012492688717934968
2273	лидер	0.00012490067736801557
2274	лет	0.00012479341559076728
2275	переживать	0.0001247583105669687
2276	кадр	0.00012470922100504464
2277	прах	0.00012468434903762854
2278	воспитывать	0.000124647304255377
2279	измерение	0.00012444332710367597
2280	трудиться	0.00012436349702430212
2281	выбрасывать	0.00012434970834566896
2282	вряд	0.00012381439820969694
2283	вкладывать	0.0001237969451231211
2284	оно	0.00012378180188974018
2285	материя	0.0001236606152789565
2286	главное	0.00012354165636247066
2287	свеча	0.0001234107722212619
2288	иностранный	0.00012335203138700562
2289	общество	0.00012325369276205107
2290	надевать	0.0001232485865480342
2291	восток	0.00012317667804484796
2292	открытый	0.00012306546827925755
2293	белой	0.00012305600863972717
2294	немного	0.00012300835386791514
2295	сложность	0.00012288248058189347
2296	виноватый	0.0001228571063484516
2297	лично	0.00012275604499089034
2298	толпа	0.00012268303730467801
2299	цветной	0.00012258885461664232
2300	мужский	0.00012255580702452004
2301	вздох	0.00012255368668987233
2302	юг	0.00012236184807765693
2303	необыкновенный	0.00012225676930270862
2304	вкус	0.00012217414392066254
2305	голод	0.00012217407361819342
2306	опытный	0.00012213594924376779
2307	ненужный	0.00012211689048341552
2308	август	0.00012206638122211568
2309	аня	0.00012201232058679158
2310	пушкин	0.0001219910025225458
2311	ехать	0.00012197668188192211
2312	действительно	0.00012190556629227156
2313	горячий	0.00012184927639092865
2314	водка	0.00012176684702725388
2315	рассказ	0.00012173637207022191
2316	милой	0.00012162171066135659
2317	проезжать	0.00012148173598404637
2318	палка	0.00012137307617002434
2319	тело	0.00012132159840004147
2320	сентябрь	0.00012108624908857069
2321	сразу	0.00012106061115709089
2322	Валентин	0.00012100660807510734
2323	другой	0.00012089847438055924
2324	наливать	0.0001207537616072529
2325	учиться	0.0001207281648986299
2326	оставлять	0.00012062320927563999
2327	несомненно	0.00012055773814541894
2328	перемена	0.0001205275346592431
2329	металл	0.00012047462494336855
2330	иван	0.00012042516362564842
2331	япония	0.00012040042558563767
2332	ладно	0.00012026699547207912
2333	Австр	0.0001199220544411274
2334	Да	0.00011989458003680887
2335	ёлка	0.00011983724300122026
2336	потом	0.0001197785279957978
2337	настолько	0.00011974533336995595
2338	забирать	0.00011969425274010872
2339	вывод	0.00011962556395021089
2340	жених	0.00011961824178596616
2341	осенний	0.00011946810676680036
2342	зависеть	0.00011934008919819909
2343	Александр	0.00011933531764889512
2344	шахматы	0.00011926870332784522
2345	худой	0.00011923934799466698
2346	выживать	0.00011918964918661867
2347	персона	0.00011915403067604366
2348	удовольствие	0.00011914227491754431
2349	вадим	0.00011910073321776697
2350	анекдот	0.00011909459001631553
2351	отходить	0.0001190904174944353
2352	сэр	0.00011907946151915605
2353	невеста	0.0001190743323243044
2354	очищать	0.00011906608828821336
2355	предлагать	0.00011905216697028096
2356	глава	0.00011902675277655845
2357	сын	0.00011895808175051887
2358	глупо	0.00011894227014986647
2359	видимо	0.0001189157497644361
2360	появляться	0.00011890225155196058
2361	опять	0.00011872017850421182
2362	побережье	0.00011857680831833571
2363	связывать	0.00011856662655716175
2364	испания	0.00011851626237822348
2365	плата	0.0001184391451470041
2366	офицер	0.0001184282748806163
2367	страна	0.00011840541496154436
2368	кровать	0.00011838209744507796
2369	вход	0.00011827922749836819
2370	прочий	0.00011819053494386674
2371	граница	0.00011818657219467392
2372	активно	0.0001181255136175649
2373	жизненный	0.00011812220186270341
2374	происхождение	0.00011801232894261769
2375	родственник	0.00011799590951092351
2376	налог	0.00011791317967980316
2377	изначально	0.00011788838628885498
2378	сельский	0.0001178697414884641
2379	джон	0.00011785385819726581
2380	ночевать	0.0001178391070955318
2381	одинаково	0.00011773272676357166
2382	увеличивать	0.00011769692274658482
2383	заодно	0.00011766481880716311
2384	нравиться	0.00011765678249262124
2385	вытирать	0.0001176512213861263
2386	рынок	0.00011759789547636819
2387	1995	0.00011759000970399725
2388	сорока	0.0001175593250945062
2389	хозяйка	0.00011740970760530977
2390	накануне	0.00011738087062037315
2391	показывать	0.00011731910530423805
2392	рф	0.00011723588205202582
2393	двигаться	0.00011723063887793608
2394	течение	0.00011719866779455668
2395	посох	0.00011715555306746848
2396	предоставлять	0.00011714404550380109
2397	отдельный	0.00011714246507704324
2398	наряд	0.00011710277415197118
2399	прошлый	0.00011708591272640182
2400	почувствовать	0.0001170277018478945
2401	дыхание	0.00011701449327045054
2402	осторожно	0.00011694858552063578
2403	слеза	0.00011690995325020382
2404	пьяный	0.00011677788618986567
2405	клетка	0.00011675271508651039
2406	гармония	0.00011670273652842205
2407	изменять	0.00011664175639134623
2408	сдача	0.0001166338234100398
2409	национальный	0.0001165356404115732
2410	макушка	0.00011653447720776563
2411	тяжёлый	0.00011644441637510014
2412	Во	0.00011629287321369606
2413	генеральный	0.00011628508312735214
2414	марк	0.00011619863025605691
2415	облегчение	0.00011618517074992313
2416	вслед	0.00011618395016470199
2417	позади	0.00011609930599213426
2418	тогда	0.0001159993087017985
2419	равно	0.00011584193344474711
2420	скандал	0.00011579381283213176
2421	землянин	0.00011577085351204367
2422	население	0.00011567107332986952
2423	аппарат	0.00011566150673349309
2424	заслуживать	0.00011564224749943684
2425	произносить	0.00011563890305504266
2426	каюта	0.00011558369780360409
2427	восхищение	0.00011553357207871462
2428	бороться	0.00011534232624340169
2429	закат	0.00011533485050175578
2430	набирать	0.00011531455146719559
2431	взвод	0.0001151990090256177
2432	спокойный	0.00011493381776354154
2433	несколько	0.00011469402903163048
2434	цель	0.00011467505500970629
2435	мера	0.00011464752568932486
2436	избушка	0.00011456798728069601
2437	сообщество	0.00011448733866746608
2438	порог	0.00011436300654560724
2439	плотный	0.00011431945220429358
2440	уезжать	0.0001143097339416616
2441	спинка	0.00011426328639089612
2442	спустя	0.0001142099374543952
2443	обещание	0.00011420883873417323
2444	поступок	0.00011420089208066215
2445	сцена	0.00011403976470677431
2446	люк	0.00011398082196258686
2447	шеф	0.00011380878592943174
2448	сумерки	0.00011379494028194717
2449	отправляться	0.0001137860979789905
2450	парта	0.00011354933280018459
2451	понравиться	0.00011354130997062769
2452	случайно	0.00011346736208992555
2453	пара	0.00011342579203352437
2454	прыгать	0.0001134128216009552
2455	велосипед	0.00011337050887120431
2456	вор	0.00011331049532079497
2457	характер	0.00011302971414282512
2458	Так	0.00011289243217618319
2459	штаны	0.00011263927925333647
2460	огромной	0.00011260023206100304
2461	закладывать	0.00011251496844839263
2462	желтый	0.00011251227082176783
2463	искусство	0.00011237944324582416
2464	американец	0.00011234333016190475
2465	цена	0.00011234289066626714
2466	вой	0.00011234161704552625
2467	выступать	0.00011219399977443761
2468	впервые	0.00011211716509951244
2469	назначать	0.00011203651578045838
2470	сверкать	0.0001120012571708205
2471	жена	0.00011197189131312216
2472	кость	0.00011192516078773696
2473	снимать	0.00011165510761094153
2474	священный	0.00011162812431413754
2475	выпать	0.00011156230193685387
2476	деревянный	0.00011149268520940988
2477	выпуск	0.0001114136452781968
2478	дым	0.00011140765680131199
2479	сапог	0.00011138800964294894
2480	переспрасывать	0.00011128770171796048
2481	государственный	0.0001111399145695341
2482	подушка	0.00011113374772407324
2483	скорее	0.00011112702222471136
2484	компания	0.00011101666694481851
2485	перечислять	0.0001110104889393871
2486	орбита	0.00011087731145466725
2487	сдерживать	0.00011076284410807857
2488	боевой	0.00011075687187749103
2489	Это	0.00011074801678692004
2490	заряд	0.00011065724127219559
2491	дерьмо	0.0001104292586502608
2492	богатый	0.00011042559401237141
2493	сбор	0.00011034889651635662
2494	скрытый	0.00011022566561900087
2495	воплощение	0.00011020149118961659
2496	осваивать	0.00011013248359141455
2497	признание	0.00011004522129163213
2498	непременне	0.00011002849304955261
2499	оказываться	0.00011001350455587796
2500	странный	0.00010999995377440767
2501	Олег	0.0001098988428128519
2502	снаряд	0.00010977197179741456
2503	рассказывать	0.0001096584764891142
2504	последний	0.0001096116009623134
2505	заставлять	0.00010959211441475957
2506	участвовать	0.00010951014359837156
2507	особо	0.00010949173912143845
2508	поздний	0.00010937625409717232
2509	государь	0.00010934328406577524
2510	узкий	0.00010929935495754248
2511	шерсть	0.00010924441163676439
2512	операция	0.00010920171764145081
2513	благодарность	0.00010914823971998619
2514	прощение	0.00010914694303130797
2515	отражаться	0.00010913134794886417
2516	завершение	0.00010912259617005929
2517	забота	0.00010905717403702588
2518	возвращать	0.00010905582654871515
2519	придавать	0.00010902476069975779
2520	мальчик	0.00010901969747439669
2521	освобождение	0.00010895125808246582
2522	чемодан	0.00010881853048576195
2523	ибо	0.00010881486863181678
2524	стакан	0.00010868506810914242
2525	сидять	0.00010865884142413955
2526	девушка	0.0001085645991420536
2527	старец	0.00010848429698027269
2528	посвящать	0.00010843516019285456
2529	правительство	0.00010836111603806902
2530	разбивать	0.00010832752283333555
2531	забиваться	0.00010814028014930677
2532	опубликовывать	0.00010786655983344859
2533	бизнес	0.00010779089056174784
2534	неожиданно	0.00010778575315399421
2535	свидетельство	0.00010775469034428976
2536	изба	0.00010769287881643514
2537	кабинет	0.00010766742974399816
2538	любоваться	0.00010764966170892577
2539	чего	0.00010748886200392885
2540	миллиард	0.0001074773747769548
2541	типа	0.00010742863602226527
2542	отсюда	0.0001073967308332814
2543	целовать	0.00010732813021821447
2544	земный	0.00010714658627548461
2545	плюс	0.00010713034614210654
2546	какой	0.00010707428965980299
2547	справляться	0.00010705341388822338
2548	потирать	0.00010704003321055134
2549	явление	0.00010699945677281313
2550	оплата	0.00010682397059922627
2551	деть	0.00010679586445152319
2552	вдохновлять	0.00010673856217528067
2553	идея	0.00010673641829637643
2554	всегда	0.00010667927252095956
2555	двенадцать	0.00010664599872552678
2556	военный	0.00010663622973668951
2557	специальный	0.00010654679724362835
2558	человечество	0.00010642613050177207
2559	проникать	0.00010638605350875375
2560	бесполезный	0.000106351220178774
2561	повторять	0.00010634648176297426
2562	гном	0.00010631753050105379
2563	покончить	0.00010625334717783755
2564	Аня	0.00010607666717116612
2565	тянуть	0.00010599260644778809
2566	ожидать	0.00010594698591774829
2567	вес	0.00010589762967152467
2568	уметь	0.00010586898932382199
2569	козел	0.00010585119611869725
2570	передавать	0.00010584303342064549
2571	хотя	0.00010583169458614286
2572	медленно	0.00010581377253619913
2573	невозможный	0.00010580898219223331
2574	часто	0.0001058030991287419
2575	фактор	0.00010571950625846008
2576	покидать	0.00010570107841850697
2577	коммунист	0.00010568062704369894
2578	останавливаться	0.00010562778186947392
2579	жениться	0.00010559511201878823
2580	целый	0.00010547884575197854
2581	шанс	0.0001054494506976156
2582	товар	0.00010540571380995384
2583	62	0.0001053668789830367
2584	игрушка	0.00010530428246004534
2585	инструкция	0.00010519278562329666
2586	просьба	0.00010517565443046206
2587	фигура	0.00010510973294249725
2588	пошёвать	0.00010506785044841917
2589	прежний	0.00010503278658329908
2590	австралия	0.000105013563464835
2591	доводиться	0.00010495645496654099
2592	килограмм	0.0001049115618074173
2593	разрушение	0.00010488501527358796
2594	богатство	0.00010486118420884652
2595	наличие	0.00010482013121560868
2596	Не	0.00010481893089625412
2597	пропадать	0.00010479811773877944
2598	стирать	0.00010471991019058954
2599	попытка	0.00010470501977395777
2600	наступать	0.00010470474476981432
2601	собственный	0.00010469447183341403
2602	приветствие	0.00010464911439894028
2603	удар	0.00010460860284640234
2604	доброта	0.00010454825012968062
2605	затихать	0.00010451806589057229
2606	осознание	0.00010444962220749207
2607	38	0.00010443696680924849
2608	заблуждение	0.00010441890116623654
2609	источник	0.00010422473030762312
2610	кстати	0.00010417901383518095
2611	рубль	0.00010415939471249605
2612	сильно	0.00010414892436190113
2613	кредит	0.00010411651476450334
2614	тайга	0.00010411532224551726
2615	волшебный	0.00010397178167640195
2616	лев	0.00010396600510067943
2617	марс	0.00010390181966389369
2618	ответственность	0.00010389885936756218
2619	угол	0.00010389343872536558
2620	сбежать	0.0001038544952893062
2621	издеваться	0.000103761837769662
2622	было	0.00010374462493914115
2623	ленин	0.00010374068763715997
2624	итак	0.00010370346626345901
2625	партия	0.00010363767826848304
2626	понятие	0.00010362903556577062
2627	тротуар	0.00010360115183838265
2628	горло	0.00010345986017904954
2629	коротко	0.00010342561062793353
2630	семьдесят	0.00010342362381818415
2631	принцесс	0.00010326756270719344
2632	взамен	0.00010320817442585922
2633	ее	0.00010318080186557298
2634	противный	0.00010317002612058812
2635	замуж	0.00010312721933221167
2636	менеджер	0.00010308296136191682
2637	ограничение	0.00010304904902200107
2638	ваший	0.00010297099752485147
2639	майка	0.00010294643641666234
2640	личность	0.00010290287098900906
2641	продолжаться	0.00010282916998479367
2642	вовсе	0.0001027857107801913
2643	спортсмен	0.00010277596480620619
2644	Дэн	0.00010260937572651814
2645	растение	0.00010255336568958012
2646	пропаганда	0.00010253811558379511
2647	после	0.00010251821479308062
2648	город	0.00010249764462427868
2649	приезжать	0.00010229272202426487
2650	обычай	0.00010227874921131351
2651	маршрут	0.00010226866925319802
2652	обращаться	0.0001022479391126446
2653	остров	0.00010220155586319234
2654	посреди	0.00010216715792557271
2655	несчастный	0.00010211980138166409
2656	проноситься	0.00010208508379392518
2657	удивляться	0.00010204272862373303
2658	тотец	0.00010203954637842015
2659	привозить	0.0001019296638398397
2660	мозг	0.00010191283941817997
2661	провожать	0.00010188234862308293
2662	политический	0.0001018429172281952
2663	премьер	0.00010180567662429594
2664	художественный	0.00010176890685620832
2665	американский	0.00010169999763552872
2666	громко	0.00010167995834103083
2667	футболка	0.00010165797939349165
2668	опаздывать	0.00010163114274574352
2669	успех	0.00010147614252570753
2670	выращивать	0.00010137101915134517
2671	откуда	0.00010134737993947154
2672	лошадь	0.00010131288171054086
2673	стоянка	0.0
2674	выстрел	0.0
2675	стихи	0.0
2676	годиться	0.0
2677	выстреливать	0.0
2678	стесняться	0.0
2679	гнев	0.0
2680	гнать	0.0
2681	стихия	0.0
2682	выступление	0.0
2683	стойка	0.0
2684	генетический	0.0
2685	глупый	0.0
2686	степень	0.0
2687	галстук	0.0
2688	головка	0.0
2689	высоко	0.0
2690	стрельба	0.0
2691	гвоздь	0.0
2692	старенький	0.0
2693	гораздо	0.0
2694	старинный	0.0
2695	выслушивать	0.0
2696	старуха	0.0
2697	высокий	0.0
2698	старушка	0.0
2699	страдание	0.0
2700	голубь	0.0
2701	стенка	0.0
2702	высота	0.0
2703	голубый	0.0
2704	старшина	0.0
2705	выставка	0.0
2706	выставлять	0.0
2707	глупость	0.0
2708	стекать	0.0
2709	голодный	0.0
2710	стеклянный	0.0
2711	выстраивать	0.0
2712	высший	0.0
2713	вытекать	0.0
2714	сторонник	0.0
2715	гитлер	0.0
2716	гладить	0.0
2717	вязать	0.0
2718	главный	0.0
2719	вячеслав	0.0
2720	столько	0.0
2721	стратегический	0.0
2722	страсть	0.0
2723	страстный	0.0
2724	высказывать	0.0
2725	стражник	0.0
2726	гадость	0.0
2727	стон	0.0
2728	глупой	0.0
2729	гипотеза	0.0
2730	георгий	0.0
2731	странно	0.0
2732	стонать	0.0
2733	гигантский	0.0
2734	гибель	0.0
2735	герцог	0.0
2736	стоп	0.0
2737	галерея	0.0
2738	германский	0.0
2739	германия	0.0
2740	столь	0.0
2741	столовая	0.0
2742	глаза	0.0
2743	выясняться	0.0
2744	столб	0.0
2745	вытаскивать	0.0
2746	гений	0.0
2747	столетие	0.0
2748	гвардия	0.0
2749	глубина	0.0
2750	глоток	0.0
2751	стража	0.0
2752	вытягивать	0.0
2753	выхватывать	0.0
2754	геннадий	0.0
2755	глотка	0.0
2756	страж	0.0
2757	выход	0.0
2758	выходить	0.0
2759	стрела	0.0
2760	глобальный	0.0
2761	выше	0.0
2762	столкновение	0.0
2763	страшно	0.0
2764	стопка	0.0
2765	гарантия	0.0
2766	глазок	0.0
2767	высказываться	0.0
2768	поворачивать	0.0
2769	высказывание	0.0
2770	впадать	0.0
2771	сундук	0.0
2772	суп	0.0
2773	восходить	0.0
2774	восхищаться	0.0
2775	восточный	0.0
2776	восторг	0.0
2777	супруг	0.0
2778	восстановление	0.0
2779	восстание	0.0
2780	восстанавливать	0.0
2781	суровый	0.0
2782	воспринимать	0.0
2783	воспоминание	0.0
2784	существенный	0.0
2785	воспитание	0.0
2786	существовать	0.0
2787	воскресенье	0.0
2788	восклицать	0.0
2789	воскликивать	0.0
2790	восемь	0.0
2791	воротник	0.0
2792	вошёвать	0.0
2793	сумочка	0.0
2794	вырываться	0.0
2795	сумма	0.0
2796	вручать	0.0
2797	судить	0.0
2798	судно	0.0
2799	временный	0.0
2800	врезаться	0.0
2801	вредный	0.0
2802	вред	0.0
2803	вращаться	0.0
2804	врач	0.0
2805	судорожно	0.0
2806	вражеский	0.0
2807	враг	0.0
2808	впрямь	0.0
2809	суета	0.0
2810	вправду	0.0
2811	впоследствии	0.0
2812	сумка	0.0
2813	вплоть	0.0
2814	вплотную	0.0
2815	впиваться	0.0
2816	впечатление	0.0
2817	схвативать	0.0
2818	схватка	0.0
2819	схватывать	0.0
2820	сходиться	0.0
2821	войска	0.0
2822	война	0.0
2823	воинский	0.0
2824	воина	0.0
2825	табличка	0.0
2826	возрождение	0.0
2827	возрастать	0.0
2828	возраст	0.0
2829	возражать	0.0
2830	возникновение	0.0
2831	возникать	0.0
2832	возмущение	0.0
2833	возмущаться	0.0
2834	возможный	0.0
2835	возможность	0.0
2836	таинственный	0.0
2837	возиться	0.0
2838	тайный	0.0
2839	воздушный	0.0
2840	воздух	0.0
2841	воздействие	0.0
2842	войско	0.0
2843	таблетка	0.0
2844	сюда	0.0
2845	сценарий	0.0
2846	воровать	0.0
2847	вопросительно	0.0
2848	сходство	0.0
2849	вопреки	0.0
2850	вопль	0.0
2851	вооружение	0.0
2852	вооружать	0.0
2853	воображение	0.0
2854	воображать	0.0
2855	счастливо	0.0
2856	волк	0.0
2857	вольный	0.0
2858	счет	0.0
2859	волшебник	0.0
2860	считать	0.0
2861	володя	0.0
2862	счёт	0.0
2863	волновать	0.0
2864	съедать	0.0
2865	съезд	0.0
2866	врываться	0.0
2867	судебный	0.0
2868	всадник	0.0
2869	выбирать	0.0
2870	вызывать	0.0
2871	вызов	0.0
2872	выживание	0.0
2873	выезжать	0.0
2874	выдыхать	0.0
2875	выдохать	0.0
2876	выдерживать	0.0
2877	выделять	0.0
2878	выдвигать	0.0
2879	выдающийся	0.0
2880	выдать	0.0
2881	выдавать	0.0
2882	выгонять	0.0
2883	выгодный	0.0
2884	выгода	0.0
2885	выглядывать	0.0
2886	выглядеть	0.0
2887	стремление	0.0
2888	стресс	0.0
2889	строгий	0.0
2890	выбор	0.0
2891	выигрывать	0.0
2892	выкладывать	0.0
2893	стремиться	0.0
2894	выполнять	0.0
2895	вырывать	0.0
2896	выручать	0.0
2897	вырваться	0.0
2898	вырвать	0.0
2899	вырастать	0.0
2900	стрелять	0.0
2901	выражаться	0.0
2902	выражать	0.0
2903	выпускать	0.0
2904	выполнение	0.0
2905	выкрикивать	0.0
2906	выписывать	0.0
2907	стремительно	0.0
2908	выпадать	0.0
2909	вынужденный	0.0
2910	вынуждать	0.0
2911	выносить	0.0
2912	вынимать	0.0
2913	вылетать	0.0
2914	вылезать	0.0
2915	выбираться	0.0
2916	выбивать	0.0
2917	сугроб	0.0
2918	выбегать	0.0
2919	всто	0.0
2920	встать	0.0
2921	вставлять	0.0
2922	стул	0.0
2923	вспышка	0.0
2924	вспыхивать	0.0
2925	вспоминать	0.0
2926	всплывать	0.0
2927	ступать	0.0
2928	ступенька	0.0
2929	вследствие	0.0
2930	вскрывать	0.0
2931	вскрикнуть	0.0
2932	вскоре	0.0
2933	вскидывать	0.0
2934	вскакивать	0.0
2935	всеобщий	0.0
2936	стыд	0.0
2937	стыдно	0.0
2938	всего	0.0
2939	субъект	0.0
2940	встрекать	0.0
2941	студия	0.0
2942	студенческий	0.0
2943	втроем	0.0
2944	строго	0.0
2945	въезжать	0.0
2946	строение	0.0
2947	вчера	0.0
2948	вцепляться	0.0
2949	входный	0.0
2950	входить	0.0
2951	стараться	0.0
2952	вуз	0.0
2953	вторых	0.0
2954	студент	0.0
2955	строительный	0.0
2956	вторить	0.0
2957	всё	0.0
2958	всячески	0.0
2959	строительство	0.0
2960	стройка	0.0
2961	всюду	0.0
2962	стройный	0.0
2963	встречный	0.0
2964	строитель	0.0
2965	способность	0.0
2966	гордость	0.0
2967	европейский	0.0
2968	смертельный	0.0
2969	смертный	0.0
2970	смесь	0.0
2971	дружок	0.0
2972	смех	0.0
2973	смеяться	0.0
2974	дружеский	0.0
2975	сми	0.0
2976	другому	0.0
2977	смиряться	0.0
2978	смотреться	0.0
2979	смущать	0.0
2980	дрожь	0.0
2981	дрожать	0.0
2982	дрогнуть	0.0
2983	смущаться	0.0
2984	дремать	0.0
2985	древность	0.0
2986	драться	0.0
2987	сначала	0.0
2988	драка	0.0
2989	драгоценный	0.0
2990	снизу	0.0
2991	сменяться	0.0
2992	думаться	0.0
2993	сменять	0.0
2994	слушаться	0.0
2995	еврейский	0.0
2996	еврей	0.0
2997	евгений	0.0
2998	ева	0.0
2999	случаться	0.0
